"[""Intermediary""]",The Bahamas Leaks data is current through early 2016.,,,bl_23000001,Bahamas Leaks,,Internal User,,,,,,,,,,The name of this intermediary is displayed as it originally appeared in the leaked files ICIJ received.,INTERMEDIARY
"[""Intermediary""]",The Bahamas Leaks data is current through early 2016.,BHS,Bahamas,bl_23000002,Bahamas Leaks,,M & A CORPORATE SERVICES LIMITED,,,,,,,,,,,INTERMEDIARY
"[""Intermediary""]",The Bahamas Leaks data is current through early 2016.,BHS,Bahamas,bl_23000003,Bahamas Leaks,,BRITANNIA CONSULTING GROUP,,,,,,,,,,,INTERMEDIARY
"[""Intermediary""]",The Bahamas Leaks data is current through early 2016.,BHS,Bahamas,bl_23000004,Bahamas Leaks,,ABACO FSC LTD.,,,,,,,,,,,INTERMEDIARY
"[""Intermediary""]",The Bahamas Leaks data is current through early 2016.,BHS,Bahamas,bl_23000005,Bahamas Leaks,,OL PRIVATE CORPORATE COUNSEL LTD.,,,,,,,,,,,INTERMEDIARY
"[""Intermediary""]",The Bahamas Leaks data is current through early 2016.,BHS,Bahamas,bl_23000006,Bahamas Leaks,,IAN DION CARGILL,,,,,,,,,,,INTERMEDIARY
"[""Intermediary""]",The Bahamas Leaks data is current through early 2016.,BHS,Bahamas,bl_23000007,Bahamas Leaks,,ParrisWhittaker,,,,,,,,,,,INTERMEDIARY
"[""Intermediary""]",The Bahamas Leaks data is current through early 2016.,BHS,Bahamas,bl_23000008,Bahamas Leaks,,Scirocco Corporate Services (Bahamas) Lt,,,,,,,,,,,INTERMEDIARY
"[""Intermediary""]",The Bahamas Leaks data is current through early 2016.,BHS,Bahamas,bl_23000009,Bahamas Leaks,,THE BONNYCORD GROUP LIMITED,,,,,,,,,,,INTERMEDIARY
"[""Intermediary""]",The Bahamas Leaks data is current through early 2016.,BHS,Bahamas,bl_23000010,Bahamas Leaks,,ALGERNON S.P.B. ALLEN,,,,,,,,,,,INTERMEDIARY
"[""Intermediary""]",The Bahamas Leaks data is current through early 2016.,BHS,Bahamas,bl_23000011,Bahamas Leaks,,BORIS STEIN,,,,,,,,,,,INTERMEDIARY
"[""Intermediary""]",The Bahamas Leaks data is current through early 2016.,BHS,Bahamas,bl_23000012,Bahamas Leaks,,L C HULL,,,,,,,,,,,INTERMEDIARY
"[""Intermediary""]",The Bahamas Leaks data is current through early 2016.,BHS,Bahamas,bl_23000013,Bahamas Leaks,,DERENCE A. ROLLE,,,,,,,,,,,INTERMEDIARY
"[""Intermediary""]",The Bahamas Leaks data is current through early 2016.,BHS,Bahamas,bl_23000014,Bahamas Leaks,,REECE D.CHIPMAN (ISLAND BUSINESS CENTRE),,,,,,,,,,,INTERMEDIARY
"[""Intermediary""]",The Bahamas Leaks data is current through early 2016.,BHS,Bahamas,bl_23000015,Bahamas Leaks,,THOMAS A.E. EVANS,,,,,,,,,,,INTERMEDIARY
"[""Intermediary""]",The Bahamas Leaks data is current through early 2016.,BHS,Bahamas,bl_23000016,Bahamas Leaks,,WORLDWIDE CORPORATE SERVICE PROVIDERS,,,,,,,,,,,INTERMEDIARY
"[""Intermediary""]",The Bahamas Leaks data is current through early 2016.,BHS,Bahamas,bl_23000017,Bahamas Leaks,,ARGUS ADVISORS (FREEPORT),,,,,,,,,,,INTERMEDIARY
"[""Intermediary""]",The Bahamas Leaks data is current through early 2016.,BHS,Bahamas,bl_23000018,Bahamas Leaks,,GSO CORPORATE SERVICES LTD.,,,,,,,,,,,INTERMEDIARY
"[""Intermediary""]",The Bahamas Leaks data is current through early 2016.,BHS,Bahamas,bl_23000019,Bahamas Leaks,,VAN DAALEN INTERNATIONAL LTD.,,,,,,,,,,,INTERMEDIARY
"[""Intermediary""]",The Bahamas Leaks data is current through early 2016.,BHS,Bahamas,bl_23000020,Bahamas Leaks,,MARRON CORPORATE SERVICES LIMITED,,,,,,,,,,,INTERMEDIARY
"[""Intermediary""]",The Bahamas Leaks data is current through early 2016.,BHS,Bahamas,bl_23000021,Bahamas Leaks,,CROSS KEYS MANAGEMENT LTD.,,,,,,,,,,,INTERMEDIARY
"[""Intermediary""]",The Bahamas Leaks data is current through early 2016.,BHS,Bahamas,bl_23000022,Bahamas Leaks,,COTTISLAW,,,,,,,,,,,INTERMEDIARY
"[""Intermediary""]",The Bahamas Leaks data is current through early 2016.,BHS,Bahamas,bl_23000023,Bahamas Leaks,,WORLD CO-OPERATION SERVICES LTD.,,,,,,,,,,,INTERMEDIARY
"[""Intermediary""]",The Bahamas Leaks data is current through early 2016.,BHS,Bahamas,bl_23000024,Bahamas Leaks,,BEARBULL INTERNATIONAL LIMITED,,,,,,,,,,,INTERMEDIARY
"[""Intermediary""]",The Bahamas Leaks data is current through early 2016.,BHS,Bahamas,bl_23000025,Bahamas Leaks,,Clairmont Trust Company Limited,,,,,,,,,,,INTERMEDIARY
"[""Intermediary""]",The Bahamas Leaks data is current through early 2016.,BHS,Bahamas,bl_23000026,Bahamas Leaks,,Biscayne Capital Ltd.,,,,,,,,,,,INTERMEDIARY
"[""Intermediary""]",The Bahamas Leaks data is current through early 2016.,BHS,Bahamas,bl_23000027,Bahamas Leaks,,SAMANTHA F. MEADOWS,,,,,,,,,,,INTERMEDIARY
"[""Intermediary""]",The Bahamas Leaks data is current through early 2016.,BHS,Bahamas,bl_23000028,Bahamas Leaks,,GRANT THORNTON BAHAMAS,,,,,,,,,,,INTERMEDIARY
"[""Intermediary""]",The Bahamas Leaks data is current through early 2016.,BHS,Bahamas,bl_23000029,Bahamas Leaks,,JANE MARILYN PROSA,,,,,,,,,,,INTERMEDIARY
"[""Intermediary""]",The Bahamas Leaks data is current through early 2016.,BHS,Bahamas,bl_23000030,Bahamas Leaks,,ANDREW D. FORBES,,,,,,,,,,,INTERMEDIARY
"[""Intermediary""]",The Bahamas Leaks data is current through early 2016.,BHS,Bahamas,bl_23000031,Bahamas Leaks,,HENDRITH V. A. SMITH,,,,,,,,,,,INTERMEDIARY
"[""Intermediary""]",The Bahamas Leaks data is current through early 2016.,BHS,Bahamas,bl_23000032,Bahamas Leaks,,ANDREW CLIFFORD ALLEN,,,,,,,,,,,INTERMEDIARY
"[""Intermediary""]",The Bahamas Leaks data is current through early 2016.,BHS,Bahamas,bl_23000033,Bahamas Leaks,,BOSTICK LAW PARTNERS,,,,,,,,,,,INTERMEDIARY
"[""Intermediary""]",The Bahamas Leaks data is current through early 2016.,BHS,Bahamas,bl_23000034,Bahamas Leaks,,FREEPORT CORPORATE CONSULTANTS LTD.,,,,,,,,,,,INTERMEDIARY
"[""Intermediary""]",The Bahamas Leaks data is current through early 2016.,BHS,Bahamas,bl_23000035,Bahamas Leaks,,CLARITA LOCKHART,,,,,,,,,,,INTERMEDIARY
"[""Intermediary""]",The Bahamas Leaks data is current through early 2016.,BHS,Bahamas,bl_23000036,Bahamas Leaks,,"WILFRED S. COAKLEY, JR. & CO.",,,,,,,,,,,INTERMEDIARY
"[""Intermediary""]",The Bahamas Leaks data is current through early 2016.,BHS,Bahamas,bl_23000037,Bahamas Leaks,,UNWALA & CO,,,,,,,,,,,INTERMEDIARY
"[""Intermediary""]",The Bahamas Leaks data is current through early 2016.,BHS,Bahamas,bl_23000038,Bahamas Leaks,,"QUANT, NEWTON & CO.",,,,,,,,,,,INTERMEDIARY
"[""Intermediary""]",The Bahamas Leaks data is current through early 2016.,BHS,Bahamas,bl_23000039,Bahamas Leaks,,CITCO FUND SERVICES (BAHAMAS) LIMITED,,,,,,,,,,,INTERMEDIARY
"[""Intermediary""]",The Bahamas Leaks data is current through early 2016.,BHS,Bahamas,bl_23000040,Bahamas Leaks,,BNP PARIBAS (BAHAMAS) LIMITED,,,,,,,,,,,INTERMEDIARY
"[""Intermediary""]",The Bahamas Leaks data is current through early 2016.,BHS,Bahamas,bl_23000041,Bahamas Leaks,,HANDELSFINANZ CCF BANK INTERNATIONAL,,,,,,,,,,,INTERMEDIARY
"[""Intermediary""]",The Bahamas Leaks data is current through early 2016.,BHS,Bahamas,bl_23000042,Bahamas Leaks,,LOMBARD ODIER & CIE (BAHAMAS) LIMITED,,,,,,,,,,,INTERMEDIARY
"[""Intermediary""]",The Bahamas Leaks data is current through early 2016.,BHS,Bahamas,bl_23000043,Bahamas Leaks,,"E.P. TOOTHE & ASSOCIATES,(ABACO)",,,,,,,,,,,INTERMEDIARY
"[""Intermediary""]",The Bahamas Leaks data is current through early 2016.,BHS,Bahamas,bl_23000044,Bahamas Leaks,,BRITTANY INVESTMENT CO. LTD,,,,,,,,,,,INTERMEDIARY
"[""Intermediary""]",The Bahamas Leaks data is current through early 2016.,BHS,Bahamas,bl_23000045,Bahamas Leaks,,"PYFROM, WELLS & CO.",,,,,,,,,,,INTERMEDIARY
"[""Intermediary""]",The Bahamas Leaks data is current through early 2016.,BHS,Bahamas,bl_23000046,Bahamas Leaks,,** DISABLED SUISSE SECURITY BANK & TRUST,,,,,,,,,,,INTERMEDIARY
"[""Intermediary""]",The Bahamas Leaks data is current through early 2016.,BHS,Bahamas,bl_23000047,Bahamas Leaks,,GRAHAM COOPER,,,,,,,,,,,INTERMEDIARY
"[""Intermediary""]",The Bahamas Leaks data is current through early 2016.,BHS,Bahamas,bl_23000048,Bahamas Leaks,,GPFS LTD,,,,,,,,,,,INTERMEDIARY
"[""Intermediary""]",The Bahamas Leaks data is current through early 2016.,BHS,Bahamas,bl_23000049,Bahamas Leaks,,JANE LEWIS,,,,,,,,,,,INTERMEDIARY
"[""Intermediary""]",The Bahamas Leaks data is current through early 2016.,BHS,Bahamas,bl_23000050,Bahamas Leaks,,GLOBAL CORPORATE MANAGEMENT LTD.,,,,,,,,,,,INTERMEDIARY
"[""Intermediary""]",The Bahamas Leaks data is current through early 2016.,BHS,Bahamas,bl_23000051,Bahamas Leaks,,HARDING-LEE & CO.,,,,,,,,,,,INTERMEDIARY
"[""Intermediary""]",The Bahamas Leaks data is current through early 2016.,BHS,Bahamas,bl_23000052,Bahamas Leaks,,VALENTINE S. GRIMES,,,,,,,,,,,INTERMEDIARY
"[""Intermediary""]",The Bahamas Leaks data is current through early 2016.,BHS,Bahamas,bl_23000053,Bahamas Leaks,,CARL BETHEL,,,,,,,,,,,INTERMEDIARY
"[""Intermediary""]",The Bahamas Leaks data is current through early 2016.,BHS,Bahamas,bl_23000054,Bahamas Leaks,,SURETY BANK & TRUST COMPANY LIMITED,,,,,,,,,,,INTERMEDIARY
"[""Intermediary""]",The Bahamas Leaks data is current through early 2016.,BHS,Bahamas,bl_23000055,Bahamas Leaks,,INTERNATIONAL TRADE & INVESTMENTS LTD.,,,,,,,,,,,INTERMEDIARY
"[""Intermediary""]",The Bahamas Leaks data is current through early 2016.,BHS,Bahamas,bl_23000056,Bahamas Leaks,,MORTIMER & CO.,,,,,,,,,,,INTERMEDIARY
"[""Intermediary""]",The Bahamas Leaks data is current through early 2016.,BHS,Bahamas,bl_23000057,Bahamas Leaks,,BLUEWOOD MANAGEMENT LTD.,,,,,,,,,,,INTERMEDIARY
"[""Intermediary""]",The Bahamas Leaks data is current through early 2016.,BHS,Bahamas,bl_23000058,Bahamas Leaks,,BUTLER TURNER & ROSE,,,,,,,,,,,INTERMEDIARY
"[""Intermediary""]",The Bahamas Leaks data is current through early 2016.,BHS,Bahamas,bl_23000059,Bahamas Leaks,,EFFIE BURROWS,,,,,,,,,,,INTERMEDIARY
"[""Intermediary""]",The Bahamas Leaks data is current through early 2016.,BHS,Bahamas,bl_23000060,Bahamas Leaks,,K.M. GIBSON & CO.,,,,,,,,,,,INTERMEDIARY
"[""Intermediary""]",The Bahamas Leaks data is current through early 2016.,BHS,Bahamas,bl_23000061,Bahamas Leaks,,MAYCO MANAGEMENT LIMITED,,,,,,,,,,,INTERMEDIARY
"[""Intermediary""]",The Bahamas Leaks data is current through early 2016.,BHS,Bahamas,bl_23000062,Bahamas Leaks,,JONES BARDELMEIER & COMPANY,,,,,,,,,,,INTERMEDIARY
"[""Intermediary""]",The Bahamas Leaks data is current through early 2016.,BHS,Bahamas,bl_23000063,Bahamas Leaks,,DAVID JOHN ROUNCE,,,,,,,,,,,INTERMEDIARY
"[""Intermediary""]",The Bahamas Leaks data is current through early 2016.,BHS,Bahamas,bl_23000064,Bahamas Leaks,,M.K. PARNELL,,,,,,,,,,,INTERMEDIARY
"[""Intermediary""]",The Bahamas Leaks data is current through early 2016.,BHS,Bahamas,bl_23000065,Bahamas Leaks,,JOSEPH LEWIS,,,,,,,,,,,INTERMEDIARY
"[""Intermediary""]",The Bahamas Leaks data is current through early 2016.,BHS,Bahamas,bl_23000066,Bahamas Leaks,,MANN JUDD CORPORATE SERVICES LIMITED,,,,,,,,,,,INTERMEDIARY
"[""Intermediary""]",The Bahamas Leaks data is current through early 2016.,BHS,Bahamas,bl_23000067,Bahamas Leaks,,RONALD ATKINSON & CO.,,,,,,,,,,,INTERMEDIARY
"[""Intermediary""]",The Bahamas Leaks data is current through early 2016.,BHS,Bahamas,bl_23000068,Bahamas Leaks,,FUND SERVICE INT'L LTD.,,,,,,,,,,,INTERMEDIARY
"[""Intermediary""]",The Bahamas Leaks data is current through early 2016.,BHS,Bahamas,bl_23000069,Bahamas Leaks,,BANK OF NEW PROVIDENCE,,,,,,,,,,,INTERMEDIARY
"[""Intermediary""]",The Bahamas Leaks data is current through early 2016.,BHS,Bahamas,bl_23000070,Bahamas Leaks,,ACE MANAGEMENT SERVICE LTD.,,,,,,,,,,,INTERMEDIARY
"[""Intermediary""]",The Bahamas Leaks data is current through early 2016.,BHS,Bahamas,bl_23000071,Bahamas Leaks,,SYDNEY MORRIS,,,,,,,,,,,INTERMEDIARY
"[""Intermediary""]",The Bahamas Leaks data is current through early 2016.,BHS,Bahamas,bl_23000072,Bahamas Leaks,,CATES & CO. (FREEPORT),,,,,,,,,,,INTERMEDIARY
"[""Intermediary""]",The Bahamas Leaks data is current through early 2016.,BHS,Bahamas,bl_23000073,Bahamas Leaks,,DONNA M. HARDING-LEE,,,,,,,,,,,INTERMEDIARY
"[""Intermediary""]",The Bahamas Leaks data is current through early 2016.,BHS,Bahamas,bl_23000074,Bahamas Leaks,,LEGAL AFFILIATES & ASSOCIATES LIMITED (D,,,,,,,,,,,INTERMEDIARY
"[""Intermediary""]",The Bahamas Leaks data is current through early 2016.,BHS,Bahamas,bl_23000075,Bahamas Leaks,,LIONEL LEVINE,,,,,,,,,,,INTERMEDIARY
"[""Intermediary""]",The Bahamas Leaks data is current through early 2016.,BHS,Bahamas,bl_23000076,Bahamas Leaks,,C. YVETTE MCCARTNEY PEDROCHE,,,,,,,,,,,INTERMEDIARY
"[""Intermediary""]",The Bahamas Leaks data is current through early 2016.,BHS,Bahamas,bl_23000077,Bahamas Leaks,,DORTH ATLANTIC MANAGEMENT CO. LTD.,,,,,,,,,,,INTERMEDIARY
"[""Intermediary""]",The Bahamas Leaks data is current through early 2016.,BHS,Bahamas,bl_23000078,Bahamas Leaks,,MAVIS HOLDINGS,,,,,,,,,,,INTERMEDIARY
"[""Intermediary""]",The Bahamas Leaks data is current through early 2016.,BHS,Bahamas,bl_23000079,Bahamas Leaks,,M. HERREWEGE,,,,,,,,,,,INTERMEDIARY
"[""Intermediary""]",The Bahamas Leaks data is current through early 2016.,BHS,Bahamas,bl_23000080,Bahamas Leaks,,ILS (BAHAMAS) LIMITED,,,,,,,,,,,INTERMEDIARY
"[""Intermediary""]",The Bahamas Leaks data is current through early 2016.,BHS,Bahamas,bl_23000081,Bahamas Leaks,,FISHER & CO.,,,,,,,,,,,INTERMEDIARY
"[""Intermediary""]",The Bahamas Leaks data is current through early 2016.,BHS,Bahamas,bl_23000082,Bahamas Leaks,,ARTIS MANAGEMENT LTD.,,,,,,,,,,,INTERMEDIARY
"[""Intermediary""]",The Bahamas Leaks data is current through early 2016.,BHS,Bahamas,bl_23000083,Bahamas Leaks,,PRICEWATERHOUSECOOPERS (BAHAMAS) LIMITED,,,,,,,,,,,INTERMEDIARY
"[""Intermediary""]",The Bahamas Leaks data is current through early 2016.,BHS,Bahamas,bl_23000084,Bahamas Leaks,,JUANITA DENISE LEWIS-JOHNSON,,,,,,,,,,,INTERMEDIARY
"[""Intermediary""]",The Bahamas Leaks data is current through early 2016.,BHS,Bahamas,bl_23000085,Bahamas Leaks,,RUTH L. ELIZABETH ROBINSON,,,,,,,,,,,INTERMEDIARY
"[""Intermediary""]",The Bahamas Leaks data is current through early 2016.,BHS,Bahamas,bl_23000086,Bahamas Leaks,,ROMAULD FEREIRA,,,,,,,,,,,INTERMEDIARY
"[""Intermediary""]",The Bahamas Leaks data is current through early 2016.,BHS,Bahamas,bl_23000087,Bahamas Leaks,,BANCO ATLANTICO (BAHAMAS) BANK & TRUST,,,,,,,,,,,INTERMEDIARY
"[""Intermediary""]",The Bahamas Leaks data is current through early 2016.,BHS,Bahamas,bl_23000088,Bahamas Leaks,,SIDNEY S. COLLIE AND CO,,,,,,,,,,,INTERMEDIARY
"[""Intermediary""]",The Bahamas Leaks data is current through early 2016.,BHS,Bahamas,bl_23000089,Bahamas Leaks,,RHONDA P. BAIN,,,,,,,,,,,INTERMEDIARY
"[""Intermediary""]",The Bahamas Leaks data is current through early 2016.,BHS,Bahamas,bl_23000090,Bahamas Leaks,,FT CONSULTANTS LTD.,,,,,,,,,,,INTERMEDIARY
"[""Intermediary""]",The Bahamas Leaks data is current through early 2016.,BHS,Bahamas,bl_23000091,Bahamas Leaks,,RICHARD DEMERITTE,,,,,,,,,,,INTERMEDIARY
"[""Intermediary""]",The Bahamas Leaks data is current through early 2016.,BHS,Bahamas,bl_23000092,Bahamas Leaks,,EQUATOR BANK LTD,,,,,,,,,,,INTERMEDIARY
"[""Intermediary""]",The Bahamas Leaks data is current through early 2016.,BHS,Bahamas,bl_23000093,Bahamas Leaks,,JOHNSON HASSAN & CO,,,,,,,,,,,INTERMEDIARY
"[""Intermediary""]",The Bahamas Leaks data is current through early 2016.,BHS,Bahamas,bl_23000094,Bahamas Leaks,,MULTINATIONAL FINANCIAL PRIVATE SERVICES,,,,,,,,,,,INTERMEDIARY
"[""Intermediary""]",The Bahamas Leaks data is current through early 2016.,BHS,Bahamas,bl_23000095,Bahamas Leaks,,CONCORDIA CORP SERVICES,,,,,,,,,,,INTERMEDIARY
"[""Intermediary""]",The Bahamas Leaks data is current through early 2016.,BHS,Bahamas,bl_23000096,Bahamas Leaks,,MIZPAH TERTULLIAN,,,,,,,,,,,INTERMEDIARY
"[""Intermediary""]",The Bahamas Leaks data is current through early 2016.,BHS,Bahamas,bl_23000097,Bahamas Leaks,,COCOYO LIMITED,,,,,,,,,,,INTERMEDIARY
"[""Intermediary""]",The Bahamas Leaks data is current through early 2016.,BHS,Bahamas,bl_23000098,Bahamas Leaks,,EDMOND DE ROTHSCHILD (BAHAMAS) LTD.,,,,,,,,,,,INTERMEDIARY
"[""Intermediary""]",The Bahamas Leaks data is current through early 2016.,BHS,Bahamas,bl_23000099,Bahamas Leaks,,BOYE'S CHAMBERS-LLEWLYN BOYER CARTWRIGHT,,,,,,,,,,,INTERMEDIARY
"[""Intermediary""]",The Bahamas Leaks data is current through early 2016.,BHS,Bahamas,bl_23000100,Bahamas Leaks,,ARNOLD A. FORBES & CO.,,,,,,,,,,,INTERMEDIARY
"[""Intermediary""]",The Bahamas Leaks data is current through early 2016.,BHS,Bahamas,bl_23000101,Bahamas Leaks,,GENEVA PRIVATE PORTFOLIO MANAGEMENT,,,,,,,,,,,INTERMEDIARY
"[""Intermediary""]",The Bahamas Leaks data is current through early 2016.,BHS,Bahamas,bl_23000102,Bahamas Leaks,,CAFFERATA & CO.,,,,,,,,,,,INTERMEDIARY
"[""Intermediary""]",The Bahamas Leaks data is current through early 2016.,BHS,Bahamas,bl_23000103,Bahamas Leaks,,DAVIS & CO. (FREEPORT),,,,,,,,,,,INTERMEDIARY
"[""Intermediary""]",The Bahamas Leaks data is current through early 2016.,BHS,Bahamas,bl_23000104,Bahamas Leaks,,STERLING SECURITIES INTERNATIONAL,,,,,,,,,,,INTERMEDIARY
"[""Intermediary""]",The Bahamas Leaks data is current through early 2016.,BHS,Bahamas,bl_23000105,Bahamas Leaks,,JULIAN SNOWDEN (FREEPORT),,,,,,,,,,,INTERMEDIARY
"[""Intermediary""]",The Bahamas Leaks data is current through early 2016.,BHS,Bahamas,bl_23000106,Bahamas Leaks,,LUNDY & COMPANY,,,,,,,,,,,INTERMEDIARY
"[""Intermediary""]",The Bahamas Leaks data is current through early 2016.,BHS,Bahamas,bl_23000107,Bahamas Leaks,,GOMEZ & ASSOCIATES,,,,,,,,,,,INTERMEDIARY
"[""Intermediary""]",The Bahamas Leaks data is current through early 2016.,BHS,Bahamas,bl_23000108,Bahamas Leaks,,MAXWELL TURNER & CO.,,,,,,,,,,,INTERMEDIARY
"[""Intermediary""]",The Bahamas Leaks data is current through early 2016.,BHS,Bahamas,bl_23000109,Bahamas Leaks,,JUDITH SMITH & CO.,,,,,,,,,,,INTERMEDIARY
"[""Intermediary""]",The Bahamas Leaks data is current through early 2016.,BHS,Bahamas,bl_23000110,Bahamas Leaks,,DEAL & GOMEZ CORPORATE SERVICES LTD.,,,,,,,,,,,INTERMEDIARY
"[""Intermediary""]",The Bahamas Leaks data is current through early 2016.,BHS,Bahamas,bl_23000111,Bahamas Leaks,,DARTLEY BANK & TRUST,,,,,,,,,,,INTERMEDIARY
"[""Intermediary""]",The Bahamas Leaks data is current through early 2016.,BHS,Bahamas,bl_23000112,Bahamas Leaks,,BAHAMAS CAPITAL MANAGEMENT LTD.,,,,,,,,,,,INTERMEDIARY
"[""Intermediary""]",The Bahamas Leaks data is current through early 2016.,BHS,Bahamas,bl_23000113,Bahamas Leaks,,BCS CORPORATE GROUP LTD,,,,,,,,,,,INTERMEDIARY
"[""Intermediary""]",The Bahamas Leaks data is current through early 2016.,BHS,Bahamas,bl_23000114,Bahamas Leaks,,CALEDONIA CORPORATE MANAGEMENT GROUP LTD,,,,,,,,,,,INTERMEDIARY
"[""Intermediary""]",The Bahamas Leaks data is current through early 2016.,BHS,Bahamas,bl_23000115,Bahamas Leaks,,CAUSEWAY MANAGEMENT LIMITED,,,,,,,,,,,INTERMEDIARY
"[""Intermediary""]",The Bahamas Leaks data is current through early 2016.,BHS,Bahamas,bl_23000116,Bahamas Leaks,,FINCARE MANAGEMENT LIMITED,,,,,,,,,,,INTERMEDIARY
"[""Intermediary""]",The Bahamas Leaks data is current through early 2016.,BHS,Bahamas,bl_23000117,Bahamas Leaks,,DEYANE E. RUSSELL & CO,,,,,,,,,,,INTERMEDIARY
"[""Intermediary""]",The Bahamas Leaks data is current through early 2016.,BHS,Bahamas,bl_23000118,Bahamas Leaks,,CARIB INSURANCE AGENCY LIMITED,,,,,,,,,,,INTERMEDIARY
"[""Intermediary""]",The Bahamas Leaks data is current through early 2016.,BHS,Bahamas,bl_23000119,Bahamas Leaks,,CLEMENT T. MAYNARD & COMPANY,,,,,,,,,,,INTERMEDIARY
"[""Intermediary""]",The Bahamas Leaks data is current through early 2016.,BHS,Bahamas,bl_23000120,Bahamas Leaks,,K. NEVILLE ADDERLEY,,,,,,,,,,,INTERMEDIARY
"[""Intermediary""]",The Bahamas Leaks data is current through early 2016.,BHS,Bahamas,bl_23000121,Bahamas Leaks,,AMERICAS INTERNATIONAL BANK CORP.,,,,,,,,,,,INTERMEDIARY
"[""Intermediary""]",The Bahamas Leaks data is current through early 2016.,BHS,Bahamas,bl_23000122,Bahamas Leaks,,CHANCERY LAW CORPORATE SERVICE LTD.,,,,,,,,,,,INTERMEDIARY
"[""Intermediary""]",The Bahamas Leaks data is current through early 2016.,BHS,Bahamas,bl_23000123,Bahamas Leaks,,KING & CO.,,,,,,,,,,,INTERMEDIARY
"[""Intermediary""]",The Bahamas Leaks data is current through early 2016.,BHS,Bahamas,bl_23000124,Bahamas Leaks,,BROUGHTON CARTWRIGHT,,,,,,,,,,,INTERMEDIARY
"[""Intermediary""]",The Bahamas Leaks data is current through early 2016.,BHS,Bahamas,bl_23000125,Bahamas Leaks,,MID-OCEAN CONSULTING LTD.,,,,,,,,,,,INTERMEDIARY
"[""Intermediary""]",The Bahamas Leaks data is current through early 2016.,BHS,Bahamas,bl_23000126,Bahamas Leaks,,RHONE TRUSTEES (BAHAMAS) LTD.,,,,,,,,,,,INTERMEDIARY
"[""Intermediary""]",The Bahamas Leaks data is current through early 2016.,BHS,Bahamas,bl_23000127,Bahamas Leaks,,0asis Offshore Services Limited,,,,,,,,,,,INTERMEDIARY
"[""Intermediary""]",The Bahamas Leaks data is current through early 2016.,BHS,Bahamas,bl_23000128,Bahamas Leaks,,ATLANTIC BANK OF COMMERCE LIMITED,,,,,,,,,,,INTERMEDIARY
"[""Intermediary""]",The Bahamas Leaks data is current through early 2016.,BHS,Bahamas,bl_23000129,Bahamas Leaks,,W & P FUND SERVICES LIMITED,,,,,,,,,,,INTERMEDIARY
"[""Intermediary""]",The Bahamas Leaks data is current through early 2016.,BHS,Bahamas,bl_23000130,Bahamas Leaks,,ANSBACHER (BAHAMAS) LIMITED,,,,,,,,,,,INTERMEDIARY
"[""Intermediary""]",The Bahamas Leaks data is current through early 2016.,BHS,Bahamas,bl_23000131,Bahamas Leaks,,Itau Bank & Trust Bahamas Ltd.,,,,,,,,,,,INTERMEDIARY
"[""Intermediary""]",The Bahamas Leaks data is current through early 2016.,BHS,Bahamas,bl_23000132,Bahamas Leaks,,SANTANDER BANK & TRUST (BAHAMAS) Ltd.,,,,,,,,,,,INTERMEDIARY
"[""Intermediary""]",The Bahamas Leaks data is current through early 2016.,BHS,Bahamas,bl_23000133,Bahamas Leaks,,MMG BAHAMAS LTD.,,,,,,,,,,,INTERMEDIARY
"[""Intermediary""]",The Bahamas Leaks data is current through early 2016.,BHS,Bahamas,bl_23000134,Bahamas Leaks,,Société Générale Private Banking (Bahama,,,,,,,,,,,INTERMEDIARY
"[""Intermediary""]",The Bahamas Leaks data is current through early 2016.,BHS,Bahamas,bl_23000135,Bahamas Leaks,,LEU TRUST & BANKING (BAH) LTD.,,,,,,,,,,,INTERMEDIARY
"[""Intermediary""]",The Bahamas Leaks data is current through early 2016.,BHS,Bahamas,bl_23000136,Bahamas Leaks,,MOSSACK FONSECA & CO. (BAHAMAS) LIMITED,,,,,,,,,,,INTERMEDIARY
"[""Intermediary""]",The Bahamas Leaks data is current through early 2016.,BHS,Bahamas,bl_23000137,Bahamas Leaks,,"ARIAS, ALEMAN & MORA",,,,,,,,,,,INTERMEDIARY
"[""Intermediary""]",The Bahamas Leaks data is current through early 2016.,BHS,Bahamas,bl_23000138,Bahamas Leaks,,MACKAY & MOXEY,,,,,,,,,,,INTERMEDIARY
"[""Intermediary""]",The Bahamas Leaks data is current through early 2016.,BHS,Bahamas,bl_23000139,Bahamas Leaks,,FIRST CHOICE SERVICES LTD.,,,,,,,,,,,INTERMEDIARY
"[""Intermediary""]",The Bahamas Leaks data is current through early 2016.,BHS,Bahamas,bl_23000140,Bahamas Leaks,,C.I.B.C. TRUST COMPANY LIMITED,,,,,,,,,,,INTERMEDIARY
"[""Intermediary""]",The Bahamas Leaks data is current through early 2016.,BHS,Bahamas,bl_23000141,Bahamas Leaks,,CHASE MANHATTAN PRIVATE BANK & TRUST COM,,,,,,,,,,,INTERMEDIARY
"[""Intermediary""]",The Bahamas Leaks data is current through early 2016.,BHS,Bahamas,bl_23000142,Bahamas Leaks,,GONET BANK & TRUST LIMITED,,,,,,,,,,,INTERMEDIARY
"[""Intermediary""]",The Bahamas Leaks data is current through early 2016.,BHS,Bahamas,bl_23000143,Bahamas Leaks,,DELTEC BANK & TRUST CO. LTD.,,,,,,,,,,,INTERMEDIARY
"[""Intermediary""]",The Bahamas Leaks data is current through early 2016.,BHS,Bahamas,bl_23000144,Bahamas Leaks,,GUARANTY TRUST BANK LIMITED,,,,,,,,,,,INTERMEDIARY
"[""Intermediary""]",The Bahamas Leaks data is current through early 2016.,BHS,Bahamas,bl_23000145,Bahamas Leaks,,NEW WORLD TRUSTEES COMPANY LIMITED,,,,,,,,,,,INTERMEDIARY
"[""Intermediary""]",The Bahamas Leaks data is current through early 2016.,BHS,Bahamas,bl_23000146,Bahamas Leaks,,J.P. MORGAN TRUST COMPANY (BAHAMAS) LIM,,,,,,,,,,,INTERMEDIARY
"[""Intermediary""]",The Bahamas Leaks data is current through early 2016.,BHS,Bahamas,bl_23000147,Bahamas Leaks,,UBS TRUSTEES (BAHAMAS) LTD.,,,,,,,,,,,INTERMEDIARY
"[""Intermediary""]",The Bahamas Leaks data is current through early 2016.,BHS,Bahamas,bl_23000148,Bahamas Leaks,,RAYMOND A. ROLLE,,,,,,,,,,,INTERMEDIARY
"[""Intermediary""]",The Bahamas Leaks data is current through early 2016.,BHS,Bahamas,bl_23000149,Bahamas Leaks,,TRUST CORP OF THE BAHAMAS,,,,,,,,,,,INTERMEDIARY
"[""Intermediary""]",The Bahamas Leaks data is current through early 2016.,BHS,Bahamas,bl_23000150,Bahamas Leaks,,FIDENAS INT'L BANK LIMITED,,,,,,,,,,,INTERMEDIARY
"[""Intermediary""]",The Bahamas Leaks data is current through early 2016.,BHS,Bahamas,bl_23000151,Bahamas Leaks,,PICTET BANK & TRUST,,,,,,,,,,,INTERMEDIARY
"[""Intermediary""]",The Bahamas Leaks data is current through early 2016.,BHS,Bahamas,bl_23000152,Bahamas Leaks,,LLOYDS BANK INTERNATIONAL LIMITED,,,,,,,,,,,INTERMEDIARY
"[""Intermediary""]",The Bahamas Leaks data is current through early 2016.,BHS,Bahamas,bl_23000153,Bahamas Leaks,,MEESPIERSON BAHAMAS LTD.,,,,,,,,,,,INTERMEDIARY
"[""Intermediary""]",The Bahamas Leaks data is current through early 2016.,BHS,Bahamas,bl_23000154,Bahamas Leaks,,SECURITY PACIFIC TRUST CO. BAH. LTD,,,,,,,,,,,INTERMEDIARY
"[""Intermediary""]",The Bahamas Leaks data is current through early 2016.,BHS,Bahamas,bl_23000155,Bahamas Leaks,,SUISAMERIS BANK & TRUST LIMITED,,,,,,,,,,,INTERMEDIARY
"[""Intermediary""]",The Bahamas Leaks data is current through early 2016.,BHS,Bahamas,bl_23000156,Bahamas Leaks,,TRIDENT CORPORATE SERVICES (BAH) LTD,,,,,,,,,,,INTERMEDIARY
"[""Intermediary""]",The Bahamas Leaks data is current through early 2016.,BHS,Bahamas,bl_23000157,Bahamas Leaks,,"ICAZA, GONZALEZ-RUIZ & ALEMAN (BAHAMAS)",,,,,,,,,,,INTERMEDIARY
"[""Intermediary""]",The Bahamas Leaks data is current through early 2016.,BHS,Bahamas,bl_23000158,Bahamas Leaks,,BANK OF NOVA SCOTIA TRUST CO. (BAHS) LTD,,,,,,,,,,,INTERMEDIARY
"[""Intermediary""]",The Bahamas Leaks data is current through early 2016.,BHS,Bahamas,bl_23000159,Bahamas Leaks,,WILLIAM DUNCOMBE,,,,,,,,,,,INTERMEDIARY
"[""Intermediary""]",The Bahamas Leaks data is current through early 2016.,BHS,Bahamas,bl_23000160,Bahamas Leaks,,INTERNATIONAL MERCHANT BANK,,,,,,,,,,,INTERMEDIARY
"[""Intermediary""]",The Bahamas Leaks data is current through early 2016.,BHS,Bahamas,bl_23000161,Bahamas Leaks,,OCEANIC BANK & TRUST LIMITED,,,,,,,,,,,INTERMEDIARY
"[""Intermediary""]",The Bahamas Leaks data is current through early 2016.,BHS,Bahamas,bl_23000162,Bahamas Leaks,,HOWARD LAWRENCE,,,,,,,,,,,INTERMEDIARY
"[""Intermediary""]",The Bahamas Leaks data is current through early 2016.,BHS,Bahamas,bl_23000163,Bahamas Leaks,,SEARS & CO.,,,,,,,,,,,INTERMEDIARY
"[""Intermediary""]",The Bahamas Leaks data is current through early 2016.,BHS,Bahamas,bl_23000164,Bahamas Leaks,,MICHAEL HEPBURN,,,,,,,,,,,INTERMEDIARY
"[""Intermediary""]",The Bahamas Leaks data is current through early 2016.,BHS,Bahamas,bl_23000165,Bahamas Leaks,,SAUNDERS & ASSOCIATES LIMITED,,,,,,,,,,,INTERMEDIARY
"[""Intermediary""]",The Bahamas Leaks data is current through early 2016.,BHS,Bahamas,bl_23000166,Bahamas Leaks,,SOVEREIGN BAHAMAS LIMITED,,,,,,,,,,,INTERMEDIARY
"[""Intermediary""]",The Bahamas Leaks data is current through early 2016.,BHS,Bahamas,bl_23000167,Bahamas Leaks,,CORPORATE SERVICES INTERNATIONAL LIMITED,,,,,,,,,,,INTERMEDIARY
"[""Intermediary""]",The Bahamas Leaks data is current through early 2016.,BHS,Bahamas,bl_23000168,Bahamas Leaks,,SENTINEL BANK & TRUST,,,,,,,,,,,INTERMEDIARY
"[""Intermediary""]",The Bahamas Leaks data is current through early 2016.,BHS,Bahamas,bl_23000169,Bahamas Leaks,,ALEMAN GONZALEZ-RUIZ & ALEMAN (BAHAMAS),,,,,,,,,,,INTERMEDIARY
"[""Intermediary""]",The Bahamas Leaks data is current through early 2016.,BHS,Bahamas,bl_23000170,Bahamas Leaks,,FIDELITY MERCHANTS BANK & TRUST LIMITED,,,,,,,,,,,INTERMEDIARY
"[""Intermediary""]",The Bahamas Leaks data is current through early 2016.,BHS,Bahamas,bl_23000171,Bahamas Leaks,,ROUSSEAU & COOPER COMPANY LIMITED,,,,,,,,,,,INTERMEDIARY
"[""Intermediary""]",The Bahamas Leaks data is current through early 2016.,BHS,Bahamas,bl_23000172,Bahamas Leaks,,"ALFARO, FERRER, & RAMIREZ (BAHAMAS) LTD.",,,,,,,,,,,INTERMEDIARY
"[""Intermediary""]",The Bahamas Leaks data is current through early 2016.,BHS,Bahamas,bl_23000173,Bahamas Leaks,,FOX & SIMMS,,,,,,,,,,,INTERMEDIARY
"[""Intermediary""]",The Bahamas Leaks data is current through early 2016.,BHS,Bahamas,bl_23000174,Bahamas Leaks,,LINCOLN BETHEL & CO.,,,,,,,,,,,INTERMEDIARY
"[""Intermediary""]",The Bahamas Leaks data is current through early 2016.,BHS,Bahamas,bl_23000175,Bahamas Leaks,,PRICEWATERHOUSECOOPERS (BAHAMAS) FREEPOR,,,,,,,,,,,INTERMEDIARY
"[""Intermediary""]",The Bahamas Leaks data is current through early 2016.,BHS,Bahamas,bl_23000176,Bahamas Leaks,,PREMIER FUND SERVICES LIMITED,,,,,,,,,,,INTERMEDIARY
"[""Intermediary""]",The Bahamas Leaks data is current through early 2016.,BHS,Bahamas,bl_23000177,Bahamas Leaks,,TANYA L. KEMP,,,,,,,,,,,INTERMEDIARY
"[""Intermediary""]",The Bahamas Leaks data is current through early 2016.,BHS,Bahamas,bl_23000178,Bahamas Leaks,,WILLIAMS LAW CHAMBERS,,,,,,,,,,,INTERMEDIARY
"[""Intermediary""]",The Bahamas Leaks data is current through early 2016.,BHS,Bahamas,bl_23000179,Bahamas Leaks,,BAMONT TRUST COMPANY LIMITED,,,,,,,,,,,INTERMEDIARY
"[""Intermediary""]",The Bahamas Leaks data is current through early 2016.,BHS,Bahamas,bl_23000180,Bahamas Leaks,,A.J.K. Corporate Services (Bahamas) Ltd.,,,,,,,,,,,INTERMEDIARY
"[""Intermediary""]",The Bahamas Leaks data is current through early 2016.,BHS,Bahamas,bl_23000181,Bahamas Leaks,,GOUTHRO & CO,,,,,,,,,,,INTERMEDIARY
"[""Intermediary""]",The Bahamas Leaks data is current through early 2016.,BHS,Bahamas,bl_23000182,Bahamas Leaks,,HEATH BANK & TRUST LIMITED,,,,,,,,,,,INTERMEDIARY
"[""Intermediary""]",The Bahamas Leaks data is current through early 2016.,BHS,Bahamas,bl_23000183,Bahamas Leaks,,Sheryl M. Moxey,,,,,,,,,,,INTERMEDIARY
"[""Intermediary""]",The Bahamas Leaks data is current through early 2016.,BHS,Bahamas,bl_23000184,Bahamas Leaks,,CLAYMORE CORPORATE SERVICES LIMITED,,,,,,,,,,,INTERMEDIARY
"[""Intermediary""]",The Bahamas Leaks data is current through early 2016.,BHS,Bahamas,bl_23000185,Bahamas Leaks,,AGATHA D. FORBES,,,,,,,,,,,INTERMEDIARY
"[""Intermediary""]",The Bahamas Leaks data is current through early 2016.,BHS,Bahamas,bl_23000186,Bahamas Leaks,,SHIELD LTD.,,,,,,,,,,,INTERMEDIARY
"[""Intermediary""]",The Bahamas Leaks data is current through early 2016.,BHS,Bahamas,bl_23000187,Bahamas Leaks,,Karam & Missick (Bahamas) Corp. Ser. Ltd,,,,,,,,,,,INTERMEDIARY
"[""Intermediary""]",The Bahamas Leaks data is current through early 2016.,BHS,Bahamas,bl_23000188,Bahamas Leaks,,MARITIME SECURITIES LIMITED,,,,,,,,,,,INTERMEDIARY
"[""Intermediary""]",The Bahamas Leaks data is current through early 2016.,BHS,Bahamas,bl_23000189,Bahamas Leaks,,KINGDOM ADVOCATES & ASSOCIATES,,,,,,,,,,,INTERMEDIARY
"[""Intermediary""]",The Bahamas Leaks data is current through early 2016.,BHS,Bahamas,bl_23000190,Bahamas Leaks,,E. DAWSON ROBERTS & COMPANY (Freeport),,,,,,,,,,,INTERMEDIARY
"[""Intermediary""]",The Bahamas Leaks data is current through early 2016.,BHS,Bahamas,bl_23000191,Bahamas Leaks,,PAUL L. ADDERLEY & CO.,,,,,,,,,,,INTERMEDIARY
"[""Intermediary""]",The Bahamas Leaks data is current through early 2016.,BHS,Bahamas,bl_23000192,Bahamas Leaks,,Wolfgang Reichenberger,,,,,,,,,,,INTERMEDIARY
"[""Intermediary""]",The Bahamas Leaks data is current through early 2016.,BHS,Bahamas,bl_23000193,Bahamas Leaks,,ROSALIE V. HALL,,,,,,,,,,,INTERMEDIARY
"[""Intermediary""]",The Bahamas Leaks data is current through early 2016.,BHS,Bahamas,bl_23000194,Bahamas Leaks,,CHARLES BARNWELL,,,,,,,,,,,INTERMEDIARY
"[""Intermediary""]",The Bahamas Leaks data is current through early 2016.,BHS,Bahamas,bl_23000195,Bahamas Leaks,,ALPIN RUSSELL & CO.,,,,,,,,,,,INTERMEDIARY
"[""Intermediary""]",The Bahamas Leaks data is current through early 2016.,BHS,Bahamas,bl_23000196,Bahamas Leaks,,ALLAN BENJAMIN,,,,,,,,,,,INTERMEDIARY
"[""Intermediary""]",The Bahamas Leaks data is current through early 2016.,BHS,Bahamas,bl_23000197,Bahamas Leaks,,DAVID C. BETHELL,,,,,,,,,,,INTERMEDIARY
"[""Intermediary""]",The Bahamas Leaks data is current through early 2016.,BHS,Bahamas,bl_23000198,Bahamas Leaks,,LENNOX CORPORATE SERVICES LIMITED,,,,,,,,,,,INTERMEDIARY
"[""Intermediary""]",The Bahamas Leaks data is current through early 2016.,BHS,Bahamas,bl_23000199,Bahamas Leaks,,BOSTWICK & BOSTWICK,,,,,,,,,,,INTERMEDIARY
"[""Intermediary""]",The Bahamas Leaks data is current through early 2016.,BHS,Bahamas,bl_23000200,Bahamas Leaks,,VIRGILL & VIRGILL,,,,,,,,,,,INTERMEDIARY
"[""Intermediary""]",The Bahamas Leaks data is current through early 2016.,BHS,Bahamas,bl_23000201,Bahamas Leaks,,COOPER & CO.,,,,,,,,,,,INTERMEDIARY
"[""Intermediary""]",The Bahamas Leaks data is current through early 2016.,BHS,Bahamas,bl_23000202,Bahamas Leaks,,BOWE & MACKAY,,,,,,,,,,,INTERMEDIARY
"[""Intermediary""]",The Bahamas Leaks data is current through early 2016.,BHS,Bahamas,bl_23000203,Bahamas Leaks,,VINCENT PEET & COMPANY,,,,,,,,,,,INTERMEDIARY
"[""Intermediary""]",The Bahamas Leaks data is current through early 2016.,BHS,Bahamas,bl_23000204,Bahamas Leaks,,THE ALEXANDER CORPORATE GROUP,,,,,,,,,,,INTERMEDIARY
"[""Intermediary""]",The Bahamas Leaks data is current through early 2016.,BHS,Bahamas,bl_23000205,Bahamas Leaks,,CLP CORPORATE SERVICES LTD,,,,,,,,,,,INTERMEDIARY
"[""Intermediary""]",The Bahamas Leaks data is current through early 2016.,BHS,Bahamas,bl_23000206,Bahamas Leaks,,CF CORPORATE SERVICE LIMITED,,,,,,,,,,,INTERMEDIARY
"[""Intermediary""]",The Bahamas Leaks data is current through early 2016.,BHS,Bahamas,bl_23000207,Bahamas Leaks,,CHARLES MACKEY,,,,,,,,,,,INTERMEDIARY
"[""Intermediary""]",The Bahamas Leaks data is current through early 2016.,BHS,Bahamas,bl_23000208,Bahamas Leaks,,SIR LEONARD KNOWLES,,,,,,,,,,,INTERMEDIARY
"[""Intermediary""]",The Bahamas Leaks data is current through early 2016.,BHS,Bahamas,bl_23000209,Bahamas Leaks,,WALLACE WHITFIELD & COMPANY,,,,,,,,,,,INTERMEDIARY
"[""Intermediary""]",The Bahamas Leaks data is current through early 2016.,BHS,Bahamas,bl_23000210,Bahamas Leaks,,SAMUEL CAMPBELL & COMPANY,,,,,,,,,,,INTERMEDIARY
"[""Intermediary""]",The Bahamas Leaks data is current through early 2016.,BHS,Bahamas,bl_23000211,Bahamas Leaks,,V. ALFRED GRAY,,,,,,,,,,,INTERMEDIARY
"[""Intermediary""]",The Bahamas Leaks data is current through early 2016.,BHS,Bahamas,bl_23000212,Bahamas Leaks,,"KNOWLES, COLLIE & CO.",,,,,,,,,,,INTERMEDIARY
"[""Intermediary""]",The Bahamas Leaks data is current through early 2016.,BHS,Bahamas,bl_23000213,Bahamas Leaks,,K.M.C. CORPORATE SERVICES LTD.,,,,,,,,,,,INTERMEDIARY
"[""Intermediary""]",The Bahamas Leaks data is current through early 2016.,BHS,Bahamas,bl_23000214,Bahamas Leaks,,ROBERTS ISAACS CORPORATE SERVICES LTD.,,,,,,,,,,,INTERMEDIARY
"[""Intermediary""]",The Bahamas Leaks data is current through early 2016.,BHS,Bahamas,bl_23000215,Bahamas Leaks,,DUPUCH & TURNQUEST,,,,,,,,,,,INTERMEDIARY
"[""Intermediary""]",The Bahamas Leaks data is current through early 2016.,BHS,Bahamas,bl_23000216,Bahamas Leaks,,"ADDERLEY, GRIMES & COMPANY",,,,,,,,,,,INTERMEDIARY
"[""Intermediary""]",The Bahamas Leaks data is current through early 2016.,BHS,Bahamas,bl_23000217,Bahamas Leaks,,ACCOUNTING OUTSOURCE SERVICES LTD.,,,,,,,,,,,INTERMEDIARY
"[""Intermediary""]",The Bahamas Leaks data is current through early 2016.,BHS,Bahamas,bl_23000218,Bahamas Leaks,,BUTLER & TAYLOR (B & T CORP. MANAGERS),,,,,,,,,,,INTERMEDIARY
"[""Intermediary""]",The Bahamas Leaks data is current through early 2016.,BHS,Bahamas,bl_23000219,Bahamas Leaks,,GTC CORPORATE SERVICES LIMITED,,,,,,,,,,,INTERMEDIARY
"[""Intermediary""]",The Bahamas Leaks data is current through early 2016.,BHS,Bahamas,bl_23000220,Bahamas Leaks,,DESMOND EDWARDS & CO.,,,,,,,,,,,INTERMEDIARY
"[""Intermediary""]",The Bahamas Leaks data is current through early 2016.,BHS,Bahamas,bl_23000221,Bahamas Leaks,,A.D. HANNA,,,,,,,,,,,INTERMEDIARY
"[""Intermediary""]",The Bahamas Leaks data is current through early 2016.,BHS,Bahamas,bl_23000222,Bahamas Leaks,,HOLOWESKO PYFROM FLETCHER,,,,,,,,,,,INTERMEDIARY
"[""Intermediary""]",The Bahamas Leaks data is current through early 2016.,BHS,Bahamas,bl_23000223,Bahamas Leaks,,MICHAEL KEMP,,,,,,,,,,,INTERMEDIARY
"[""Intermediary""]",The Bahamas Leaks data is current through early 2016.,BHS,Bahamas,bl_23000224,Bahamas Leaks,,BOWE HENDERSON & COMPANY,,,,,,,,,,,INTERMEDIARY
"[""Intermediary""]",The Bahamas Leaks data is current through early 2016.,BHS,Bahamas,bl_23000225,Bahamas Leaks,,E.P. TOOTHE & ASSOCIATES,,,,,,,,,,,INTERMEDIARY
"[""Intermediary""]",The Bahamas Leaks data is current through early 2016.,BHS,Bahamas,bl_23000226,Bahamas Leaks,,MICHELLE Y. CAMPBELL,,,,,,,,,,,INTERMEDIARY
"[""Intermediary""]",The Bahamas Leaks data is current through early 2016.,BHS,Bahamas,bl_23000227,Bahamas Leaks,,EVANS & CO.,,,,,,,,,,,INTERMEDIARY
"[""Intermediary""]",The Bahamas Leaks data is current through early 2016.,BHS,Bahamas,bl_23000228,Bahamas Leaks,,H & J CORPORATE SERVICES LTD.,,,,,,,,,,,INTERMEDIARY
"[""Intermediary""]",The Bahamas Leaks data is current through early 2016.,BHS,Bahamas,bl_23000229,Bahamas Leaks,,CONSTANTAKIS KNOWLES,,,,,,,,,,,INTERMEDIARY
"[""Intermediary""]",The Bahamas Leaks data is current through early 2016.,BHS,Bahamas,bl_23000230,Bahamas Leaks,,WILFRED COAKLEY,,,,,,,,,,,INTERMEDIARY
"[""Intermediary""]",The Bahamas Leaks data is current through early 2016.,BHS,Bahamas,bl_23000231,Bahamas Leaks,,"NOTTAGE, MILLER & CO.(NASSAU)",,,,,,,,,,,INTERMEDIARY
"[""Intermediary""]",The Bahamas Leaks data is current through early 2016.,BHS,Bahamas,bl_23000232,Bahamas Leaks,,MIRIAM J. CURLING,,,,,,,,,,,INTERMEDIARY
"[""Intermediary""]",The Bahamas Leaks data is current through early 2016.,BHS,Bahamas,bl_23000233,Bahamas Leaks,,CECIL HILTON & COMPANY,,,,,,,,,,,INTERMEDIARY
"[""Intermediary""]",The Bahamas Leaks data is current through early 2016.,BHS,Bahamas,bl_23000234,Bahamas Leaks,,HIGGS & KELLY,,,,,,,,,,,INTERMEDIARY
"[""Intermediary""]",The Bahamas Leaks data is current through early 2016.,BHS,Bahamas,bl_23000235,Bahamas Leaks,,M B & H CORPORATE SERVICES LIMITED,,,,,,,,,,,INTERMEDIARY
"[""Intermediary""]",The Bahamas Leaks data is current through early 2016.,BHS,Bahamas,bl_23000236,Bahamas Leaks,,MICHAEL W. HORTON,,,,,,,,,,,INTERMEDIARY
"[""Intermediary""]",The Bahamas Leaks data is current through early 2016.,BHS,Bahamas,bl_23000237,Bahamas Leaks,,LEX MANAGEMENT LIMITED,,,,,,,,,,,INTERMEDIARY
"[""Intermediary""]",The Bahamas Leaks data is current through early 2016.,BHS,Bahamas,bl_23000238,Bahamas Leaks,,MCKINNEY TURNER,,,,,,,,,,,INTERMEDIARY
"[""Intermediary""]",The Bahamas Leaks data is current through early 2016.,BHS,Bahamas,bl_23000239,Bahamas Leaks,,WINDERMERE HOUSE,,,,,,,,,,,INTERMEDIARY
"[""Intermediary""]",The Bahamas Leaks data is current through early 2016.,BHS,Bahamas,bl_23000240,Bahamas Leaks,,SIAM CAPITAL MANAGEMENT LTD.,,,,,,,,,,,INTERMEDIARY
"[""Intermediary""]",The Bahamas Leaks data is current through early 2016.,BHS,Bahamas,bl_23000241,Bahamas Leaks,,E. DAWSON ROBERTS & COMPANY,,,,,,,,,,,INTERMEDIARY
"[""Intermediary""]",The Bahamas Leaks data is current through early 2016.,BHS,Bahamas,bl_23000242,Bahamas Leaks,,WATKINS FOULKES & CO.,,,,,,,,,,,INTERMEDIARY
"[""Intermediary""]",The Bahamas Leaks data is current through early 2016.,BHS,Bahamas,bl_23000243,Bahamas Leaks,,VINCENT WALLACE WHITFIELD,,,,,,,,,,,INTERMEDIARY
"[""Intermediary""]",The Bahamas Leaks data is current through early 2016.,BHS,Bahamas,bl_23000244,Bahamas Leaks,,"BETHEL, MOSS & CO.,",,,,,,,,,,,INTERMEDIARY
"[""Intermediary""]",The Bahamas Leaks data is current through early 2016.,BHS,Bahamas,bl_23000245,Bahamas Leaks,,JAMES M. THOMPSON,,,,,,,,,,,INTERMEDIARY
"[""Intermediary""]",The Bahamas Leaks data is current through early 2016.,BHS,Bahamas,bl_23000246,Bahamas Leaks,,"SMITH, SMITH & COMPANY",,,,,,,,,,,INTERMEDIARY
"[""Intermediary""]",The Bahamas Leaks data is current through early 2016.,BHS,Bahamas,bl_23000247,Bahamas Leaks,,JAMES R. THOMPSON & CO. (FREEPORT),,,,,,,,,,,INTERMEDIARY
"[""Intermediary""]",The Bahamas Leaks data is current through early 2016.,BHS,Bahamas,bl_23000248,Bahamas Leaks,,SMITH MACDONALD,,,,,,,,,,,INTERMEDIARY
"[""Intermediary""]",The Bahamas Leaks data is current through early 2016.,BHS,Bahamas,bl_23000249,Bahamas Leaks,,CAREY G. LEONARD,,,,,,,,,,,INTERMEDIARY
"[""Intermediary""]",The Bahamas Leaks data is current through early 2016.,BHS,Bahamas,bl_23000250,Bahamas Leaks,,WILLIAMS & COMPANY,,,,,,,,,,,INTERMEDIARY
"[""Intermediary""]",The Bahamas Leaks data is current through early 2016.,BHS,Bahamas,bl_23000251,Bahamas Leaks,,WELLS LEGAL & CORPORATE SERVICES LTD.,,,,,,,,,,,INTERMEDIARY
"[""Intermediary""]",The Bahamas Leaks data is current through early 2016.,BHS,Bahamas,bl_23000252,Bahamas Leaks,,DENNIS GOMEZ & COMPANY,,,,,,,,,,,INTERMEDIARY
"[""Intermediary""]",The Bahamas Leaks data is current through early 2016.,BHS,Bahamas,bl_23000253,Bahamas Leaks,,AKSUM LAW CHAMBERS,,,,,,,,,,,INTERMEDIARY
"[""Intermediary""]",The Bahamas Leaks data is current through early 2016.,BHS,Bahamas,bl_23000254,Bahamas Leaks,,PETER D. MAYNARD & COMPANY,,,,,,,,,,,INTERMEDIARY
"[""Intermediary""]",The Bahamas Leaks data is current through early 2016.,BHS,Bahamas,bl_23000255,Bahamas Leaks,,NICHOLAS ZERVOS,,,,,,,,,,,INTERMEDIARY
"[""Intermediary""]",The Bahamas Leaks data is current through early 2016.,BHS,Bahamas,bl_23000256,Bahamas Leaks,,ATCO CORPORATE SERCIVES LTD.,,,,,,,,,,,INTERMEDIARY
"[""Intermediary""]",The Bahamas Leaks data is current through early 2016.,BHS,Bahamas,bl_23000257,Bahamas Leaks,,DAVIS & CO,,,,,,,,,,,INTERMEDIARY
"[""Intermediary""]",The Bahamas Leaks data is current through early 2016.,BHS,Bahamas,bl_23000258,Bahamas Leaks,,KEVIN M. RUSSELL & CO (FREEPORT),,,,,,,,,,,INTERMEDIARY
"[""Intermediary""]",The Bahamas Leaks data is current through early 2016.,BHS,Bahamas,bl_23000259,Bahamas Leaks,,JEANNE I. THOMPSON,,,,,,,,,,,INTERMEDIARY
"[""Intermediary""]",The Bahamas Leaks data is current through early 2016.,BHS,Bahamas,bl_23000260,Bahamas Leaks,,"HARRY B. SANDS, LOBOSKY",,,,,,,,,,,INTERMEDIARY
"[""Intermediary""]",The Bahamas Leaks data is current through early 2016.,BHS,Bahamas,bl_23000261,Bahamas Leaks,,"GIBSON, SERVILLE & CO. NASSAU",,,,,,,,,,,INTERMEDIARY
"[""Intermediary""]",The Bahamas Leaks data is current through early 2016.,BHS,Bahamas,bl_23000262,Bahamas Leaks,,L. MARVIN B. PINDER CHAMBERS,,,,,,,,,,,INTERMEDIARY
"[""Intermediary""]",The Bahamas Leaks data is current through early 2016.,BHS,Bahamas,bl_23000263,Bahamas Leaks,,ERNST & YOUNG,,,,,,,,,,,INTERMEDIARY
"[""Intermediary""]",The Bahamas Leaks data is current through early 2016.,BHS,Bahamas,bl_23000264,Bahamas Leaks,,INTERCREDIT BANK & TRUST LIMITED,,,,,,,,,,,INTERMEDIARY
"[""Intermediary""]",The Bahamas Leaks data is current through early 2016.,BHS,Bahamas,bl_23000265,Bahamas Leaks,,MICHAEL A. DEAN,,,,,,,,,,,INTERMEDIARY
"[""Intermediary""]",The Bahamas Leaks data is current through early 2016.,BHS,Bahamas,bl_23000266,Bahamas Leaks,,MALCOLM E. ADDERLEY & CO.,,,,,,,,,,,INTERMEDIARY
"[""Intermediary""]",The Bahamas Leaks data is current through early 2016.,BHS,Bahamas,bl_23000267,Bahamas Leaks,,IPG Administration Limited,,,,,,,,,,,INTERMEDIARY
"[""Intermediary""]",The Bahamas Leaks data is current through early 2016.,BHS,Bahamas,bl_23000268,Bahamas Leaks,,E. VERONA DOUGLAS SANDS & CO.,,,,,,,,,,,INTERMEDIARY
"[""Intermediary""]",The Bahamas Leaks data is current through early 2016.,BHS,Bahamas,bl_23000269,Bahamas Leaks,,BSC LIMITED,,,,,,,,,,,INTERMEDIARY
"[""Intermediary""]",The Bahamas Leaks data is current through early 2016.,BHS,Bahamas,bl_23000270,Bahamas Leaks,,PETER MAYNARD & CO.,,,,,,,,,,,INTERMEDIARY
"[""Intermediary""]",The Bahamas Leaks data is current through early 2016.,BHS,Bahamas,bl_23000271,Bahamas Leaks,,CLINTON O. CLARKE,,,,,,,,,,,INTERMEDIARY
"[""Intermediary""]",The Bahamas Leaks data is current through early 2016.,BHS,Bahamas,bl_23000272,Bahamas Leaks,,ALAN E. H. BATES,,,,,,,,,,,INTERMEDIARY
"[""Intermediary""]",The Bahamas Leaks data is current through early 2016.,BHS,Bahamas,bl_23000273,Bahamas Leaks,,GALANIS & CO.,,,,,,,,,,,INTERMEDIARY
"[""Intermediary""]",The Bahamas Leaks data is current through early 2016.,BHS,Bahamas,bl_23000274,Bahamas Leaks,,MANASCO MANAGEMENT LTD,,,,,,,,,,,INTERMEDIARY
"[""Intermediary""]",The Bahamas Leaks data is current through early 2016.,BHS,Bahamas,bl_23000275,Bahamas Leaks,,RYAN & CO,,,,,,,,,,,INTERMEDIARY
"[""Intermediary""]",The Bahamas Leaks data is current through early 2016.,BHS,Bahamas,bl_23000276,Bahamas Leaks,,R. RAWLE MAYNARD & CO. (FREEPORT),,,,,,,,,,,INTERMEDIARY
"[""Intermediary""]",The Bahamas Leaks data is current through early 2016.,BHS,Bahamas,bl_23000277,Bahamas Leaks,,LEADENHALL,,,,,,,,,,,INTERMEDIARY
"[""Intermediary""]",The Bahamas Leaks data is current through early 2016.,BHS,Bahamas,bl_23000278,Bahamas Leaks,,THORAND BANK & TRUST LIMITED,,,,,,,,,,,INTERMEDIARY
"[""Intermediary""]",The Bahamas Leaks data is current through early 2016.,BHS,Bahamas,bl_23000279,Bahamas Leaks,,ALLIANCE INVESTMENT MANAGEMENT LTD.,,,,,,,,,,,INTERMEDIARY
"[""Intermediary""]",The Bahamas Leaks data is current through early 2016.,BHS,Bahamas,bl_23000280,Bahamas Leaks,,PRIVATE TRUST CORPORATION LIMITED,,,,,,,,,,,INTERMEDIARY
"[""Intermediary""]",The Bahamas Leaks data is current through early 2016.,BHS,Bahamas,bl_23000281,Bahamas Leaks,,GAVIN D. CASSAR,,,,,,,,,,,INTERMEDIARY
"[""Intermediary""]",The Bahamas Leaks data is current through early 2016.,BHS,Bahamas,bl_23000282,Bahamas Leaks,,"CREDIT SUISSE AG, NASSAU BRANCH LATAM",,,,,,,,,,,INTERMEDIARY
"[""Intermediary""]",The Bahamas Leaks data is current through early 2016.,BHS,Bahamas,bl_23000283,Bahamas Leaks,,PLATINUM CORPORATE SERVICES LTD.,,,,,,,,,,,INTERMEDIARY
"[""Intermediary""]",The Bahamas Leaks data is current through early 2016.,BHS,Bahamas,bl_23000284,Bahamas Leaks,,HSBC INTERNATIONAL TRUSTEE (BAHAMAS) LTD,,,,,,,,,,,INTERMEDIARY
"[""Intermediary""]",The Bahamas Leaks data is current through early 2016.,BHS,Bahamas,bl_23000285,Bahamas Leaks,,OBIE FERGUSON & CO.,,,,,,,,,,,INTERMEDIARY
"[""Intermediary""]",The Bahamas Leaks data is current through early 2016.,BHS,Bahamas,bl_23000286,Bahamas Leaks,,MOSKO & ASSOCIATES (KATINA MOSKO),,,,,,,,,,,INTERMEDIARY
"[""Intermediary""]",The Bahamas Leaks data is current through early 2016.,BHS,Bahamas,bl_23000287,Bahamas Leaks,,BLACK PEARL INVESTMENTS BAHAMAS LTD.,,,,,,,,,,,INTERMEDIARY
"[""Intermediary""]",The Bahamas Leaks data is current through early 2016.,BHS,Bahamas,bl_23000288,Bahamas Leaks,,COMMERCIAL LAW ADVOCATES/KEOD SMITH,,,,,,,,,,,INTERMEDIARY
"[""Intermediary""]",The Bahamas Leaks data is current through early 2016.,BHS,Bahamas,bl_23000289,Bahamas Leaks,,F.R. WILSON & CO. LTD.,,,,,,,,,,,INTERMEDIARY
"[""Intermediary""]",The Bahamas Leaks data is current through early 2016.,BHS,Bahamas,bl_23000290,Bahamas Leaks,,REECE CHIPMAN,,,,,,,,,,,INTERMEDIARY
"[""Intermediary""]",The Bahamas Leaks data is current through early 2016.,BHS,Bahamas,bl_23000291,Bahamas Leaks,,ELMA E. CAMPBELL,,,,,,,,,,,INTERMEDIARY
"[""Intermediary""]",The Bahamas Leaks data is current through early 2016.,BHS,Bahamas,bl_23000292,Bahamas Leaks,,EQUITY BAHAMAS LIMITED,,,,,,,,,,,INTERMEDIARY
"[""Intermediary""]",The Bahamas Leaks data is current through early 2016.,BHS,Bahamas,bl_23000293,Bahamas Leaks,,ESTATE PLANNING INSTITUTE (BAHAMAS) LTD.,,,,,,,,,,,INTERMEDIARY
"[""Intermediary""]",The Bahamas Leaks data is current through early 2016.,BHS,Bahamas,bl_23000294,Bahamas Leaks,,RAS CORPORATE SERVICES LTD.,,,,,,,,,,,INTERMEDIARY
"[""Intermediary""]",The Bahamas Leaks data is current through early 2016.,BHS,Bahamas,bl_23000295,Bahamas Leaks,,LORD ELLOR & CO.,,,,,,,,,,,INTERMEDIARY
"[""Intermediary""]",The Bahamas Leaks data is current through early 2016.,BHS,Bahamas,bl_23000296,Bahamas Leaks,,NEW PROVIDENCE DEV. CO. LTD,,,,,,,,,,,INTERMEDIARY
"[""Intermediary""]",The Bahamas Leaks data is current through early 2016.,BHS,Bahamas,bl_23000297,Bahamas Leaks,,MCDONALD & CO. (FREEPORT),,,,,,,,,,,INTERMEDIARY
"[""Intermediary""]",The Bahamas Leaks data is current through early 2016.,BHS,Bahamas,bl_23000298,Bahamas Leaks,,TERRENCE GREEN,,,,,,,,,,,INTERMEDIARY
"[""Intermediary""]",The Bahamas Leaks data is current through early 2016.,BHS,Bahamas,bl_23000299,Bahamas Leaks,,KUZNIECKY & CO. BAHAMAS LIMITED,,,,,,,,,,,INTERMEDIARY
"[""Intermediary""]",The Bahamas Leaks data is current through early 2016.,BHS,Bahamas,bl_23000300,Bahamas Leaks,,ARLEAN P. HORTON-STRACHAN,,,,,,,,,,,INTERMEDIARY
"[""Intermediary""]",The Bahamas Leaks data is current through early 2016.,BHS,Bahamas,bl_23000301,Bahamas Leaks,,GIBSON CORPORATE SERVICES LTD.,,,,,,,,,,,INTERMEDIARY
"[""Intermediary""]",The Bahamas Leaks data is current through early 2016.,BHS,Bahamas,bl_23000302,Bahamas Leaks,,BANK LEU LTD.,,,,,,,,,,,INTERMEDIARY
"[""Intermediary""]",The Bahamas Leaks data is current through early 2016.,BHS,Bahamas,bl_23000303,Bahamas Leaks,,H. BENJAMIN SANDS,,,,,,,,,,,INTERMEDIARY
"[""Intermediary""]",The Bahamas Leaks data is current through early 2016.,BHS,Bahamas,bl_23000304,Bahamas Leaks,,LYFORD CORPORATE MANAGEMENT LTD.,,,,,,,,,,,INTERMEDIARY
"[""Intermediary""]",The Bahamas Leaks data is current through early 2016.,BHS,Bahamas,bl_23000305,Bahamas Leaks,,BVC Services Ltd.,,,,,,,,,,,INTERMEDIARY
"[""Intermediary""]",The Bahamas Leaks data is current through early 2016.,BHS,Bahamas,bl_23000306,Bahamas Leaks,,MAURICE O. GLINTON & CO. (FREEPORT),,,,,,,,,,,INTERMEDIARY
"[""Intermediary""]",The Bahamas Leaks data is current through early 2016.,BHS,Bahamas,bl_23000307,Bahamas Leaks,,WARD & CO.,,,,,,,,,,,INTERMEDIARY
"[""Intermediary""]",The Bahamas Leaks data is current through early 2016.,BHS,Bahamas,bl_23000308,Bahamas Leaks,,MR. JOSEPH C. LEDEE,,,,,,,,,,,INTERMEDIARY
"[""Intermediary""]",The Bahamas Leaks data is current through early 2016.,BHS,Bahamas,bl_23000309,Bahamas Leaks,,LOCKHART & MUNROE & CO.,,,,,,,,,,,INTERMEDIARY
"[""Intermediary""]",The Bahamas Leaks data is current through early 2016.,BHS,Bahamas,bl_23000310,Bahamas Leaks,,The Bayshore Group LLC,,,,,,,,,,,INTERMEDIARY
"[""Intermediary""]",The Bahamas Leaks data is current through early 2016.,BHS,Bahamas,bl_23000311,Bahamas Leaks,,SCOTT HOLDINGS LTD.,,,,,,,,,,,INTERMEDIARY
"[""Intermediary""]",The Bahamas Leaks data is current through early 2016.,BHS,Bahamas,bl_23000312,Bahamas Leaks,,INTERNATIONAL MANAGEMENT SERVICES LIMITE,,,,,,,,,,,INTERMEDIARY
"[""Intermediary""]",The Bahamas Leaks data is current through early 2016.,BHS,Bahamas,bl_23000313,Bahamas Leaks,,THE ALEXANDER CORPORATE GROUP (FREEPORT),,,,,,,,,,,INTERMEDIARY
"[""Intermediary""]",The Bahamas Leaks data is current through early 2016.,BHS,Bahamas,bl_23000314,Bahamas Leaks,,ALLIANCE BANK & TRUST,,,,,,,,,,,INTERMEDIARY
"[""Intermediary""]",The Bahamas Leaks data is current through early 2016.,BHS,Bahamas,bl_23000315,Bahamas Leaks,,DUPUCH & TURNQUEST (FREEPORT),,,,,,,,,,,INTERMEDIARY
"[""Intermediary""]",The Bahamas Leaks data is current through early 2016.,BHS,Bahamas,bl_23000316,Bahamas Leaks,,SIMEON BROWN & CO.,,,,,,,,,,,INTERMEDIARY
"[""Intermediary""]",The Bahamas Leaks data is current through early 2016.,BHS,Bahamas,bl_23000317,Bahamas Leaks,,DARVILLE & CO. (FREEPORT),,,,,,,,,,,INTERMEDIARY
"[""Intermediary""]",The Bahamas Leaks data is current through early 2016.,BHS,Bahamas,bl_23000318,Bahamas Leaks,,DELTEC FUND SERVICES LIMITED,,,,,,,,,,,INTERMEDIARY
"[""Intermediary""]",The Bahamas Leaks data is current through early 2016.,BHS,Bahamas,bl_23000319,Bahamas Leaks,,"NOTTAGE, MILLER & CO.(FREEPORT)",,,,,,,,,,,INTERMEDIARY
"[""Intermediary""]",The Bahamas Leaks data is current through early 2016.,BHS,Bahamas,bl_23000320,Bahamas Leaks,,"MCKINNEY, BANCROFT & HUGHES (FREEPORT)",,,,,,,,,,,INTERMEDIARY
"[""Intermediary""]",The Bahamas Leaks data is current through early 2016.,BHS,Bahamas,bl_23000321,Bahamas Leaks,,SCOTIABANK (BAHAMAS) LIMITED,,,,,,,,,,,INTERMEDIARY
"[""Intermediary""]",The Bahamas Leaks data is current through early 2016.,BHS,Bahamas,bl_23000322,Bahamas Leaks,,NORRIS CARROLL & CO. (FREEPORT),,,,,,,,,,,INTERMEDIARY
"[""Intermediary""]",The Bahamas Leaks data is current through early 2016.,BHS,Bahamas,bl_23000323,Bahamas Leaks,,WELLS-CARMONA GOTTLIEB & CO,,,,,,,,,,,INTERMEDIARY
"[""Intermediary""]",The Bahamas Leaks data is current through early 2016.,BHS,Bahamas,bl_23000324,Bahamas Leaks,,CAPE HORN MANAGEMENT LTD.,,,,,,,,,,,INTERMEDIARY
"[""Intermediary""]",The Bahamas Leaks data is current through early 2016.,BHS,Bahamas,bl_23000325,Bahamas Leaks,,TYNES & TYNES (FREEPORT),,,,,,,,,,,INTERMEDIARY
"[""Intermediary""]",The Bahamas Leaks data is current through early 2016.,BHS,Bahamas,bl_23000326,Bahamas Leaks,,FAYNE A. THOMPSON & CO.,,,,,,,,,,,INTERMEDIARY
"[""Intermediary""]",The Bahamas Leaks data is current through early 2016.,BHS,Bahamas,bl_23000327,Bahamas Leaks,,WILLIE MOSS (FREEPORT),,,,,,,,,,,INTERMEDIARY
"[""Intermediary""]",The Bahamas Leaks data is current through early 2016.,BHS,Bahamas,bl_23000328,Bahamas Leaks,,GENERAL BANK & TRUST,,,,,,,,,,,INTERMEDIARY
"[""Intermediary""]",The Bahamas Leaks data is current through early 2016.,BHS,Bahamas,bl_23000329,Bahamas Leaks,,JOAN FERGUSON & CO.,,,,,,,,,,,INTERMEDIARY
"[""Intermediary""]",The Bahamas Leaks data is current through early 2016.,BHS,Bahamas,bl_23000330,Bahamas Leaks,,CREDIT SUISSE TRUST LIMITED,,,,,,,,,,,INTERMEDIARY
"[""Intermediary""]",The Bahamas Leaks data is current through early 2016.,BHS,Bahamas,bl_23000331,Bahamas Leaks,,"ARIAS, FABREGAS & FABREGAS",,,,,,,,,,,INTERMEDIARY
"[""Intermediary""]",The Bahamas Leaks data is current through early 2016.,BHS,Bahamas,bl_23000332,Bahamas Leaks,,BAHAMAS PERSONAL MANAGEMENT SERVICES LTD,,,,,,,,,,,INTERMEDIARY
"[""Intermediary""]",The Bahamas Leaks data is current through early 2016.,BHS,Bahamas,bl_23000333,Bahamas Leaks,,CHANCELLORS CORPORATE SERVICES LTD.,,,,,,,,,,,INTERMEDIARY
"[""Intermediary""]",The Bahamas Leaks data is current through early 2016.,BHS,Bahamas,bl_23000334,Bahamas Leaks,,PASCHE BANK & TRUST LTD.,,,,,,,,,,,INTERMEDIARY
"[""Intermediary""]",The Bahamas Leaks data is current through early 2016.,BHS,Bahamas,bl_23000335,Bahamas Leaks,,BARRY A. SAWYER,,,,,,,,,,,INTERMEDIARY
"[""Intermediary""]",The Bahamas Leaks data is current through early 2016.,BHS,Bahamas,bl_23000336,Bahamas Leaks,,HELVETIC MANAGEMENT SERVICES LTD.,,,,,,,,,,,INTERMEDIARY
"[""Intermediary""]",The Bahamas Leaks data is current through early 2016.,BHS,Bahamas,bl_23000337,Bahamas Leaks,,CAMBRIDGE LAW CHAMBERS,,,,,,,,,,,INTERMEDIARY
"[""Intermediary""]",The Bahamas Leaks data is current through early 2016.,BHS,Bahamas,bl_23000338,Bahamas Leaks,,EFG BANK & TRUST (BAHAMAS) LTD.,,,,,,,,,,,INTERMEDIARY
"[""Intermediary""]",The Bahamas Leaks data is current through early 2016.,BHS,Bahamas,bl_23000339,Bahamas Leaks,,SANDRENA C. BENJAMIN LLB,,,,,,,,,,,INTERMEDIARY
"[""Intermediary""]",The Bahamas Leaks data is current through early 2016.,BHS,Bahamas,bl_23000340,Bahamas Leaks,,GIBRALTAR GLOBAL SECURITIES INC.,,,,,,,,,,,INTERMEDIARY
"[""Intermediary""]",The Bahamas Leaks data is current through early 2016.,BHS,Bahamas,bl_23000341,Bahamas Leaks,,PRIDEROCK LAW CHAMBERS,,,,,,,,,,,INTERMEDIARY
"[""Intermediary""]",The Bahamas Leaks data is current through early 2016.,BHS,Bahamas,bl_23000342,Bahamas Leaks,,ROYAL BANK OF SCOTLAND (NASSAU) LTD,,,,,,,,,,,INTERMEDIARY
"[""Intermediary""]",The Bahamas Leaks data is current through early 2016.,BHS,Bahamas,bl_23000343,Bahamas Leaks,,ROYAL BANK OF CANADA TRUST COMPANY (BAH),,,,,,,,,,,INTERMEDIARY
"[""Intermediary""]",The Bahamas Leaks data is current through early 2016.,BHS,Bahamas,bl_23000344,Bahamas Leaks,,RONALD H KNOWLES,,,,,,,,,,,INTERMEDIARY
"[""Intermediary""]",The Bahamas Leaks data is current through early 2016.,BHS,Bahamas,bl_23000345,Bahamas Leaks,,HABIB BANKING CORPORATION LIMITED,,,,,,,,,,,INTERMEDIARY
"[""Intermediary""]",The Bahamas Leaks data is current through early 2016.,BHS,Bahamas,bl_23000346,Bahamas Leaks,,WESTERN MANAGEMENT SERVICES LIMITED,,,,,,,,,,,INTERMEDIARY
"[""Intermediary""]",The Bahamas Leaks data is current through early 2016.,BHS,Bahamas,bl_23000347,Bahamas Leaks,,ECOSSE CORPORATE SERVICES LIMITED,,,,,,,,,,,INTERMEDIARY
"[""Intermediary""]",The Bahamas Leaks data is current through early 2016.,BHS,Bahamas,bl_23000348,Bahamas Leaks,,IPG Family Office Limited,,,,,,,,,,,INTERMEDIARY
"[""Intermediary""]",The Bahamas Leaks data is current through early 2016.,BHS,Bahamas,bl_23000349,Bahamas Leaks,,VALDY ADMINISTRATION (BAHAMAS) LTD.,,,,,,,,,,,INTERMEDIARY
"[""Intermediary""]",The Bahamas Leaks data is current through early 2016.,BHS,Bahamas,bl_23000350,Bahamas Leaks,,SAMUEL CLAPP,,,,,,,,,,,INTERMEDIARY
"[""Intermediary""]",The Bahamas Leaks data is current through early 2016.,BHS,Bahamas,bl_23000351,Bahamas Leaks,,FINTER BANK & TRUST (BAHAMAS) LIMITED,,,,,,,,,,,INTERMEDIARY
"[""Intermediary""]",The Bahamas Leaks data is current through early 2016.,BHS,Bahamas,bl_23000352,Bahamas Leaks,,CITADEL FAMILY TRUSTEES LTD.,,,,,,,,,,,INTERMEDIARY
"[""Intermediary""]",The Bahamas Leaks data is current through early 2016.,BHS,Bahamas,bl_23000353,Bahamas Leaks,,EDWIN KNOWLES (FREEPORT),,,,,,,,,,,INTERMEDIARY
"[""Intermediary""]",The Bahamas Leaks data is current through early 2016.,BHS,Bahamas,bl_23000354,Bahamas Leaks,,HONGKONG & SHANGHAI BANKING CORP. (HSBC),,,,,,,,,,,INTERMEDIARY
"[""Intermediary""]",The Bahamas Leaks data is current through early 2016.,BHS,Bahamas,bl_23000355,Bahamas Leaks,,MELISA A. THOMPSON-HALL,,,,,,,,,,,INTERMEDIARY
"[""Intermediary""]",The Bahamas Leaks data is current through early 2016.,BHS,Bahamas,bl_23000356,Bahamas Leaks,,"G, W & Partners L.P.",,,,,,,,,,,INTERMEDIARY
"[""Intermediary""]",The Bahamas Leaks data is current through early 2016.,BHS,Bahamas,bl_23000357,Bahamas Leaks,,COTSWOLD CORPORATE SERVICES LIMITED,,,,,,,,,,,INTERMEDIARY
"[""Intermediary""]",The Bahamas Leaks data is current through early 2016.,BHS,Bahamas,bl_23000358,Bahamas Leaks,,LEX BAHAMAS CORPORATE SERVICES LTD.,,,,,,,,,,,INTERMEDIARY
"[""Intermediary""]",The Bahamas Leaks data is current through early 2016.,BHS,Bahamas,bl_23000359,Bahamas Leaks,,BRIDGEWATER & CO (FREEPORT),,,,,,,,,,,INTERMEDIARY
"[""Intermediary""]",The Bahamas Leaks data is current through early 2016.,BHS,Bahamas,bl_23000360,Bahamas Leaks,,L. OBAFEMI PINDLING,,,,,,,,,,,INTERMEDIARY
"[""Intermediary""]",The Bahamas Leaks data is current through early 2016.,BHS,Bahamas,bl_23000361,Bahamas Leaks,,CHEMICAL BANK & TRUST LIMITED,,,,,,,,,,,INTERMEDIARY
"[""Intermediary""]",The Bahamas Leaks data is current through early 2016.,BHS,Bahamas,bl_23000362,Bahamas Leaks,,CITITRUST (BAHAMAS) LIMITED,,,,,,,,,,,INTERMEDIARY
"[""Intermediary""]",The Bahamas Leaks data is current through early 2016.,BHS,Bahamas,bl_23000363,Bahamas Leaks,,ELLIOT B. LOCKHART,,,,,,,,,,,INTERMEDIARY
"[""Intermediary""]",The Bahamas Leaks data is current through early 2016.,BHS,Bahamas,bl_23000364,Bahamas Leaks,,BANAKOR SWISSE S.A.,,,,,,,,,,,INTERMEDIARY
"[""Intermediary""]",The Bahamas Leaks data is current through early 2016.,BHS,Bahamas,bl_23000365,Bahamas Leaks,,AMBER TRUST LTD.,,,,,,,,,,,INTERMEDIARY
"[""Intermediary""]",The Bahamas Leaks data is current through early 2016.,BHS,Bahamas,bl_23000366,Bahamas Leaks,,BNP PRIVATE BANK & TRUST BAH,,,,,,,,,,,INTERMEDIARY
"[""Intermediary""]",The Bahamas Leaks data is current through early 2016.,BHS,Bahamas,bl_23000367,Bahamas Leaks,,FORTIS FUND SERVICES (BAHAMAS) LIMITED,,,,,,,,,,,INTERMEDIARY
"[""Intermediary""]",The Bahamas Leaks data is current through early 2016.,BHS,Bahamas,bl_23000368,Bahamas Leaks,,LLOYD C. JOHNSON (ELEUTHERA),,,,,,,,,,,INTERMEDIARY
"[""Intermediary""]",The Bahamas Leaks data is current through early 2016.,BHS,Bahamas,bl_23000369,Bahamas Leaks,,KPMG,,,,,,,,,,,INTERMEDIARY
"[""Intermediary""]",The Bahamas Leaks data is current through early 2016.,BHS,Bahamas,bl_23000370,Bahamas Leaks,,ROYAL BANK OF CANADA (PRIVATE),,,,,,,,,,,INTERMEDIARY
"[""Intermediary""]",The Bahamas Leaks data is current through early 2016.,BHS,Bahamas,bl_23000371,Bahamas Leaks,,BANK AMERICA TRUST & BANKING CORP.,,,,,,,,,,,INTERMEDIARY
"[""Intermediary""]",The Bahamas Leaks data is current through early 2016.,BHS,Bahamas,bl_23000372,Bahamas Leaks,,SWISS BAHAMAS MGMT. SERVICES LTD,,,,,,,,,,,INTERMEDIARY
"[""Intermediary""]",The Bahamas Leaks data is current through early 2016.,BHS,Bahamas,bl_23000373,Bahamas Leaks,,LLOYD C. JOHNSON (NASSAU),,,,,,,,,,,INTERMEDIARY
"[""Intermediary""]",The Bahamas Leaks data is current through early 2016.,BHS,Bahamas,bl_23000374,Bahamas Leaks,,IAN M. JUPP,,,,,,,,,,,INTERMEDIARY
"[""Intermediary""]",The Bahamas Leaks data is current through early 2016.,BHS,Bahamas,bl_23000375,Bahamas Leaks,,SHARON WILSON & CO.,,,,,,,,,,,INTERMEDIARY
"[""Intermediary""]",The Bahamas Leaks data is current through early 2016.,BHS,Bahamas,bl_23000376,Bahamas Leaks,,DOMINION MANAGEMENT SERVICES LIMITED,,,,,,,,,,,INTERMEDIARY
"[""Intermediary""]",The Bahamas Leaks data is current through early 2016.,BHS,Bahamas,bl_23000377,Bahamas Leaks,,OFFSHORE MANAGERS LIMITED,,,,,,,,,,,INTERMEDIARY
"[""Intermediary""]",The Bahamas Leaks data is current through early 2016.,BHS,Bahamas,bl_23000378,Bahamas Leaks,,PETER EVANS & CO.,,,,,,,,,,,INTERMEDIARY
"[""Intermediary""]",The Bahamas Leaks data is current through early 2016.,BHS,Bahamas,bl_23000379,Bahamas Leaks,,THE MANAGEMENT LTD.,,,,,,,,,,,INTERMEDIARY
"[""Intermediary""]",The Bahamas Leaks data is current through early 2016.,BHS,Bahamas,bl_23000380,Bahamas Leaks,,MARY C. KATINA MOSKO,,,,,,,,,,,INTERMEDIARY
"[""Intermediary""]",The Bahamas Leaks data is current through early 2016.,BHS,Bahamas,bl_23000381,Bahamas Leaks,,ELCO CORPORATE SERVICES LIMITED,,,,,,,,,,,INTERMEDIARY
"[""Intermediary""]",The Bahamas Leaks data is current through early 2016.,BHS,Bahamas,bl_23000382,Bahamas Leaks,,WESTPAC BANK & TRUST,,,,,,,,,,,INTERMEDIARY
"[""Intermediary""]",The Bahamas Leaks data is current through early 2016.,BHS,Bahamas,bl_23000383,Bahamas Leaks,,"WALLACE, QUANT & CO.",,,,,,,,,,,INTERMEDIARY
"[""Intermediary""]",The Bahamas Leaks data is current through early 2016.,BHS,Bahamas,bl_23000384,Bahamas Leaks,,MERCURY CORPORATE MANAGEMENT,,,,,,,,,,,INTERMEDIARY
"[""Intermediary""]",The Bahamas Leaks data is current through early 2016.,BHS,Bahamas,bl_23000385,Bahamas Leaks,,EURO-DUTCH TRUST (PROVIDENCE TRUST),,,,,,,,,,,INTERMEDIARY
"[""Intermediary""]",The Bahamas Leaks data is current through early 2016.,BHS,Bahamas,bl_23000386,Bahamas Leaks,,K.D.A. WILLIAMS & CO.,,,,,,,,,,,INTERMEDIARY
"[""Intermediary""]",The Bahamas Leaks data is current through early 2016.,BHS,Bahamas,bl_23000387,Bahamas Leaks,,RENO T. R. BETHELL,,,,,,,,,,,INTERMEDIARY
"[""Intermediary""]",The Bahamas Leaks data is current through early 2016.,BHS,Bahamas,bl_23000388,Bahamas Leaks,,EURO CANADIAN TRUST COMPANY,,,,,,,,,,,INTERMEDIARY
"[""Intermediary""]",The Bahamas Leaks data is current through early 2016.,BHS,Bahamas,bl_23000389,Bahamas Leaks,,"GIBSON, SERVILLE & CO. FREEPORT",,,,,,,,,,,INTERMEDIARY
"[""Intermediary""]",The Bahamas Leaks data is current through early 2016.,BHS,Bahamas,bl_23000390,Bahamas Leaks,,EURO-CARIBBEAN MANAGEMENT SERVICES LTD.,,,,,,,,,,,INTERMEDIARY
"[""Intermediary""]",The Bahamas Leaks data is current through early 2016.,BHS,Bahamas,bl_23000391,Bahamas Leaks,,LOUIS HORST OSTERLOCH,,,,,,,,,,,INTERMEDIARY
"[""Intermediary""]",The Bahamas Leaks data is current through early 2016.,BHS,Bahamas,bl_23000392,Bahamas Leaks,,MANAGEMENT & SERVICE LIMITED (FREEPORT),,,,,,,,,,,INTERMEDIARY
"[""Intermediary""]",The Bahamas Leaks data is current through early 2016.,BHS,Bahamas,bl_23000393,Bahamas Leaks,,BURNETT CORPORATE SERVICES LTD.,,,,,,,,,,,INTERMEDIARY
"[""Intermediary""]",The Bahamas Leaks data is current through early 2016.,BHS,Bahamas,bl_23000394,Bahamas Leaks,,CIT (BAHAMAS) LIMITED,,,,,,,,,,,INTERMEDIARY
"[""Intermediary""]",The Bahamas Leaks data is current through early 2016.,BHS,Bahamas,bl_23000395,Bahamas Leaks,,Summit Corporate Services Ltd.,,,,,,,,,,,INTERMEDIARY
"[""Intermediary""]",The Bahamas Leaks data is current through early 2016.,BHS,Bahamas,bl_23000396,Bahamas Leaks,,OVERSEAS MANAGEMENT COMPANY (BAHAMAS),,,,,,,,,,,INTERMEDIARY
"[""Intermediary""]",The Bahamas Leaks data is current through early 2016.,BHS,Bahamas,bl_23000397,Bahamas Leaks,,STEPHEN WILCHCOMBE (FREEPORT),,,,,,,,,,,INTERMEDIARY
"[""Intermediary""]",The Bahamas Leaks data is current through early 2016.,BHS,Bahamas,bl_23000398,Bahamas Leaks,,INTERNATIONAL PRIVATE MGMT. LTD,,,,,,,,,,,INTERMEDIARY
"[""Intermediary""]",The Bahamas Leaks data is current through early 2016.,BHS,Bahamas,bl_23000399,Bahamas Leaks,,FALCON TRUST COMPANY LIMITED,,,,,,,,,,,INTERMEDIARY
"[""Intermediary""]",The Bahamas Leaks data is current through early 2016.,BHS,Bahamas,bl_23000400,Bahamas Leaks,,"ALEMAN, CORDERO, GALINDO & LEE (BAHAMAS)",,,,,,,,,,,INTERMEDIARY
"[""Intermediary""]",The Bahamas Leaks data is current through early 2016.,BHS,Bahamas,bl_23000401,Bahamas Leaks,,CARDINAL INTERNATIONAL CORP.,,,,,,,,,,,INTERMEDIARY
"[""Intermediary""]",The Bahamas Leaks data is current through early 2016.,BHS,Bahamas,bl_23000402,Bahamas Leaks,,CATHLEEN JOHNSON-HASSAN,,,,,,,,,,,INTERMEDIARY
"[""Intermediary""]",The Bahamas Leaks data is current through early 2016.,BHS,Bahamas,bl_23000403,Bahamas Leaks,,OCTOGONE FUND MANAGEMENT LTD.,,,,,,,,,,,INTERMEDIARY
"[""Intermediary""]",The Bahamas Leaks data is current through early 2016.,BHS,Bahamas,bl_23000404,Bahamas Leaks,,BANNISTER & CO.,,,,,,,,,,,INTERMEDIARY
"[""Intermediary""]",The Bahamas Leaks data is current through early 2016.,BHS,Bahamas,bl_23000405,Bahamas Leaks,,ALLEN PINTARD-ALLEN,,,,,,,,,,,INTERMEDIARY
"[""Intermediary""]",The Bahamas Leaks data is current through early 2016.,BHS,Bahamas,bl_23000406,Bahamas Leaks,,WINTERBOTHAM TRUST COMPANY LIMITED,,,,,,,,,,,INTERMEDIARY
"[""Intermediary""]",The Bahamas Leaks data is current through early 2016.,BHS,Bahamas,bl_23000407,Bahamas Leaks,,Sterling Asset Management Ltd.,,,,,,,,,,,INTERMEDIARY
"[""Intermediary""]",The Bahamas Leaks data is current through early 2016.,BHS,Bahamas,bl_23000408,Bahamas Leaks,,INTERNATIONAL INVESTORS GROUP LTD.,,,,,,,,,,,INTERMEDIARY
"[""Intermediary""]",The Bahamas Leaks data is current through early 2016.,BHS,Bahamas,bl_23000409,Bahamas Leaks,,LGM MANAGEMENT,,,,,,,,,,,INTERMEDIARY
"[""Intermediary""]",The Bahamas Leaks data is current through early 2016.,BHS,Bahamas,bl_23000410,Bahamas Leaks,,KNOWLES & THRONEBURY,,,,,,,,,,,INTERMEDIARY
"[""Intermediary""]",The Bahamas Leaks data is current through early 2016.,BHS,Bahamas,bl_23000411,Bahamas Leaks,,"MONTAQUE CORPORATE PARTNERS, LTD.",,,,,,,,,,,INTERMEDIARY
"[""Intermediary""]",The Bahamas Leaks data is current through early 2016.,BHS,Bahamas,bl_23000412,Bahamas Leaks,,SEYMOUR & CO.,,,,,,,,,,,INTERMEDIARY
"[""Intermediary""]",The Bahamas Leaks data is current through early 2016.,BHS,Bahamas,bl_23000413,Bahamas Leaks,,OFFSHORE INCORPORATIONS (BAHAMAS) LTD.,,,,,,,,,,,INTERMEDIARY
"[""Intermediary""]",The Bahamas Leaks data is current through early 2016.,BHS,Bahamas,bl_23000414,Bahamas Leaks,,GILINGAM BANK formerly GUTA BANK & TRUST,,,,,,,,,,,INTERMEDIARY
"[""Intermediary""]",The Bahamas Leaks data is current through early 2016.,BHS,Bahamas,bl_23000415,Bahamas Leaks,,ITK TRUST COMPANY LIMITED,,,,,,,,,,,INTERMEDIARY
"[""Intermediary""]",The Bahamas Leaks data is current through early 2016.,BHS,Bahamas,bl_23000416,Bahamas Leaks,,BAIN GOMEZ & CO.(NASSAU),,,,,,,,,,,INTERMEDIARY
"[""Intermediary""]",The Bahamas Leaks data is current through early 2016.,BHS,Bahamas,bl_23000417,Bahamas Leaks,,BAIN GOMEZ & CO.(FREEPORT),,,,,,,,,,,INTERMEDIARY
"[""Intermediary""]",The Bahamas Leaks data is current through early 2016.,BHS,Bahamas,bl_23000418,Bahamas Leaks,,L.C.HULL & CO.,,,,,,,,,,,INTERMEDIARY
"[""Intermediary""]",The Bahamas Leaks data is current through early 2016.,BHS,Bahamas,bl_23000419,Bahamas Leaks,,BERENCIA ISAACS ASSOCIATES,,,,,,,,,,,INTERMEDIARY
"[""Intermediary""]",The Bahamas Leaks data is current through early 2016.,BHS,Bahamas,bl_23000420,Bahamas Leaks,,DARREL ROLLE AND CO.,,,,,,,,,,,INTERMEDIARY
"[""Intermediary""]",The Bahamas Leaks data is current through early 2016.,BHS,Bahamas,bl_23000421,Bahamas Leaks,,ELLEN T. SERVILLE,,,,,,,,,,,INTERMEDIARY
"[""Intermediary""]",The Bahamas Leaks data is current through early 2016.,BHS,Bahamas,bl_23000422,Bahamas Leaks,,GWENDOLYN HOUSE,,,,,,,,,,,INTERMEDIARY
"[""Intermediary""]",The Bahamas Leaks data is current through early 2016.,BHS,Bahamas,bl_23000423,Bahamas Leaks,,THE GRAND BAHAMA PORT AUTHORITY LIMITED,,,,,,,,,,,INTERMEDIARY
"[""Intermediary""]",The Bahamas Leaks data is current through early 2016.,BHS,Bahamas,bl_23000424,Bahamas Leaks,,INVESTORS MANAGEMENT LIMITED,,,,,,,,,,,INTERMEDIARY
"[""Intermediary""]",The Bahamas Leaks data is current through early 2016.,BHS,Bahamas,bl_23000425,Bahamas Leaks,,CRAIG F. BUTLER,,,,,,,,,,,INTERMEDIARY
"[""Intermediary""]",The Bahamas Leaks data is current through early 2016.,BHS,Bahamas,bl_23000426,Bahamas Leaks,,BLACK AND ASSOCIATES,,,,,,,,,,,INTERMEDIARY
"[""Intermediary""]",The Bahamas Leaks data is current through early 2016.,BHS,Bahamas,bl_23000427,Bahamas Leaks,,Leno Corporate Services Ltd.,,,,,,,,,,,INTERMEDIARY
"[""Intermediary""]",The Bahamas Leaks data is current through early 2016.,BHS,Bahamas,bl_23000428,Bahamas Leaks,,GARANTIA BANKING LIMITED,,,,,,,,,,,INTERMEDIARY
"[""Intermediary""]",The Bahamas Leaks data is current through early 2016.,BHS,Bahamas,bl_23000429,Bahamas Leaks,,SUCRE & SUCRE (BAHAMAS) LIMITED,,,,,,,,,,,INTERMEDIARY
"[""Intermediary""]",The Bahamas Leaks data is current through early 2016.,BHS,Bahamas,bl_23000430,Bahamas Leaks,,FIDELITY INTERNATIONAL MANAGEMENT,,,,,,,,,,,INTERMEDIARY
"[""Intermediary""]",The Bahamas Leaks data is current through early 2016.,BHS,Bahamas,bl_23000431,Bahamas Leaks,,JERSEY PRIVATE BANK AND TRUST,,,,,,,,,,,INTERMEDIARY
"[""Intermediary""]",The Bahamas Leaks data is current through early 2016.,BHS,Bahamas,bl_23000432,Bahamas Leaks,,INTERNATIONAL INVESTORS GROUP,,,,,,,,,,,INTERMEDIARY
"[""Intermediary""]",The Bahamas Leaks data is current through early 2016.,BHS,Bahamas,bl_23000433,Bahamas Leaks,,JEFFREY COLLIE,,,,,,,,,,,INTERMEDIARY
"[""Intermediary""]",The Bahamas Leaks data is current through early 2016.,BHS,Bahamas,bl_23000434,Bahamas Leaks,,LEANDRA ESFAKIS CHAMBERS,,,,,,,,,,,INTERMEDIARY
"[""Intermediary""]",The Bahamas Leaks data is current through early 2016.,BHS,Bahamas,bl_23000435,Bahamas Leaks,,LESLIE V. ROLLE,,,,,,,,,,,INTERMEDIARY
"[""Intermediary""]",The Bahamas Leaks data is current through early 2016.,BHS,Bahamas,bl_23000436,Bahamas Leaks,,UNIVERSAL LEGAL SERVICES,,,,,,,,,,,INTERMEDIARY
"[""Intermediary""]",The Bahamas Leaks data is current through early 2016.,,,bl_23000437,Bahamas Leaks,,OWNER,,,,,,,,,,The name of this intermediary is displayed as it originally appeared in the leaked files ICIJ received.,INTERMEDIARY
"[""Intermediary""]",The Bahamas Leaks data is current through early 2016.,BHS,Bahamas,bl_23000438,Bahamas Leaks,,BUTTERFIELD TRUST (BAHAMAS) LIMITED,,,,,,,,,,,INTERMEDIARY
"[""Intermediary""]",The Bahamas Leaks data is current through early 2016.,BHS,Bahamas,bl_23000439,Bahamas Leaks,,CREDIT AGRICOLE SUISSE BANK & TRUST,,,,,,,,,,,INTERMEDIARY
"[""Intermediary""]",The Bahamas Leaks data is current through early 2016.,BHS,Bahamas,bl_23000440,Bahamas Leaks,,LEWIS HOUSE,,,,,,,,,,,INTERMEDIARY
"[""Intermediary""]",The Bahamas Leaks data is current through early 2016.,BHS,Bahamas,bl_23000441,Bahamas Leaks,,ANDREW P. BOWE,,,,,,,,,,,INTERMEDIARY
"[""Intermediary""]",The Bahamas Leaks data is current through early 2016.,BHS,Bahamas,bl_23000442,Bahamas Leaks,,UNITED MANAGEMENT SERVICES LTD.,,,,,,,,,,,INTERMEDIARY
"[""Intermediary""]",The Bahamas Leaks data is current through early 2016.,BHS,Bahamas,bl_23000443,Bahamas Leaks,,DARRELL E. ROLLE (FORMERLY) ROLLE NEWTON,,,,,,,,,,,INTERMEDIARY
"[""Intermediary""]",The Bahamas Leaks data is current through early 2016.,BHS,Bahamas,bl_23000444,Bahamas Leaks,,CORNER BANK OVERSEAS LIMITED,,,,,,,,,,,INTERMEDIARY
"[""Intermediary""]",The Bahamas Leaks data is current through early 2016.,BHS,Bahamas,bl_23000445,Bahamas Leaks,,ARNER BANK,,,,,,,,,,,INTERMEDIARY
"[""Intermediary""]",The Bahamas Leaks data is current through early 2016.,BHS,Bahamas,bl_23000446,Bahamas Leaks,,L & L CORPORATE & LEGAL SERVICES LTD.,,,,,,,,,,,INTERMEDIARY
"[""Intermediary""]",The Bahamas Leaks data is current through early 2016.,BHS,Bahamas,bl_23000447,Bahamas Leaks,,MICHAEL HANNA & CO.,,,,,,,,,,,INTERMEDIARY
"[""Intermediary""]",The Bahamas Leaks data is current through early 2016.,BHS,Bahamas,bl_23000448,Bahamas Leaks,,"SHADRACH A. MORRIS, JR. & CO.",,,,,,,,,,,INTERMEDIARY
"[""Intermediary""]",The Bahamas Leaks data is current through early 2016.,BHS,Bahamas,bl_23000449,Bahamas Leaks,,H & K CORPORATE SERVICE PROVIDERS LTD,,,,,,,,,,,INTERMEDIARY
"[""Intermediary""]",The Bahamas Leaks data is current through early 2016.,BHS,Bahamas,bl_23000450,Bahamas Leaks,,STERLING (BAHAMAS) LIMITED,,,,,,,,,,,INTERMEDIARY
"[""Intermediary""]",The Bahamas Leaks data is current through early 2016.,BHS,Bahamas,bl_23000451,Bahamas Leaks,,"CREDIT SUISSE, NASSAU BRANCH-WEALTH MGT.",,,,,,,,,,,INTERMEDIARY
"[""Intermediary""]",The Bahamas Leaks data is current through early 2016.,BHS,Bahamas,bl_23000452,Bahamas Leaks,,EDWARD B. TURNER,,,,,,,,,,,INTERMEDIARY
"[""Intermediary""]",The Bahamas Leaks data is current through early 2016.,BHS,Bahamas,bl_23000453,Bahamas Leaks,,"GLC Corporate Services Ltd.,",,,,,,,,,,,INTERMEDIARY
"[""Intermediary""]",The Bahamas Leaks data is current through early 2016.,BHS,Bahamas,bl_23000454,Bahamas Leaks,,PETER H. ARMSTRONG,,,,,,,,,,,INTERMEDIARY
"[""Intermediary""]",The Bahamas Leaks data is current through early 2016.,BHS,Bahamas,bl_23000455,Bahamas Leaks,,GINA P. MORLEY,,,,,,,,,,,INTERMEDIARY
"[""Intermediary""]",The Bahamas Leaks data is current through early 2016.,BHS,Bahamas,bl_23000456,Bahamas Leaks,,NEW WORLD NASSAU LIMITED,,,,,,,,,,,INTERMEDIARY
"[""Intermediary""]",The Bahamas Leaks data is current through early 2016.,BHS,Bahamas,bl_23000457,Bahamas Leaks,,ATLANTIC INVESTMENTS MANAGEMENT LIMITED,,,,,,,,,,,INTERMEDIARY
"[""Intermediary""]",The Bahamas Leaks data is current through early 2016.,BHS,Bahamas,bl_23000458,Bahamas Leaks,,GENESIS FUND SERVICES LIMITED,,,,,,,,,,,INTERMEDIARY
"[""Intermediary""]",The Bahamas Leaks data is current through early 2016.,BHS,Bahamas,bl_23000459,Bahamas Leaks,,ANGENETTE PYFROM,,,,,,,,,,,INTERMEDIARY
"[""Intermediary""]",The Bahamas Leaks data is current through early 2016.,BHS,Bahamas,bl_23000460,Bahamas Leaks,,INVESTORS OFFSHORE COMPANY MNGMNT LTD.,,,,,,,,,,,INTERMEDIARY
"[""Intermediary""]",The Bahamas Leaks data is current through early 2016.,BHS,Bahamas,bl_23000461,Bahamas Leaks,,B F D FINANCIAL SERVICES,,,,,,,,,,,INTERMEDIARY
"[""Intermediary""]",The Bahamas Leaks data is current through early 2016.,BHS,Bahamas,bl_23000462,Bahamas Leaks,,DAPHNE A. DUNCOMBE,,,,,,,,,,,INTERMEDIARY
"[""Intermediary""]",The Bahamas Leaks data is current through early 2016.,BHS,Bahamas,bl_23000463,Bahamas Leaks,,FAMILY ASSET MANAGERS,,,,,,,,,,,INTERMEDIARY
"[""Intermediary""]",The Bahamas Leaks data is current through early 2016.,BHS,Bahamas,bl_23000464,Bahamas Leaks,,GODFREY PRO PINDER & CO.,,,,,,,,,,,INTERMEDIARY
"[""Intermediary""]",The Bahamas Leaks data is current through early 2016.,BHS,Bahamas,bl_23000465,Bahamas Leaks,,DEVARD B. WILLIAMS & CO.,,,,,,,,,,,INTERMEDIARY
"[""Intermediary""]",The Bahamas Leaks data is current through early 2016.,BHS,Bahamas,bl_23000466,Bahamas Leaks,,INSINGER CORPORATE SERVICES (BAH) LTD.,,,,,,,,,,,INTERMEDIARY
"[""Intermediary""]",The Bahamas Leaks data is current through early 2016.,BHS,Bahamas,bl_23000467,Bahamas Leaks,,HB CORPORATE SERVICES,,,,,,,,,,,INTERMEDIARY
"[""Intermediary""]",The Bahamas Leaks data is current through early 2016.,BHS,Bahamas,bl_23000468,Bahamas Leaks,,PRIVATE INVESTMENT BANK LIMITED,,,,,,,,,,,INTERMEDIARY
"[""Intermediary""]",The Bahamas Leaks data is current through early 2016.,BHS,Bahamas,bl_23000469,Bahamas Leaks,,"AYSE, RENGIN, DENGIZER, JOHNSON & CO.",,,,,,,,,,,INTERMEDIARY
"[""Intermediary""]",The Bahamas Leaks data is current through early 2016.,BHS,Bahamas,bl_23000470,Bahamas Leaks,,M. RUDOLPH SMITH JR. & CO.,,,,,,,,,,,INTERMEDIARY
"[""Intermediary""]",The Bahamas Leaks data is current through early 2016.,BHS,Bahamas,bl_23000471,Bahamas Leaks,,VERONICA D. GRANT & CO. (FREEPORT),,,,,,,,,,,INTERMEDIARY
"[""Intermediary""]",The Bahamas Leaks data is current through early 2016.,BHS,Bahamas,bl_23000472,Bahamas Leaks,,FIRST CORPORATE SERVICES LIMITED,,,,,,,,,,,INTERMEDIARY
"[""Intermediary""]",The Bahamas Leaks data is current through early 2016.,BHS,Bahamas,bl_23000473,Bahamas Leaks,,ROLLE & CO.,,,,,,,,,,,INTERMEDIARY
"[""Intermediary""]",The Bahamas Leaks data is current through early 2016.,BHS,Bahamas,bl_23000474,Bahamas Leaks,,LION CORPORATE SERVICES LIMITED,,,,,,,,,,,INTERMEDIARY
"[""Intermediary""]",The Bahamas Leaks data is current through early 2016.,BHS,Bahamas,bl_23000475,Bahamas Leaks,,Intertrust (Bahamas) Limited,,,,,,,,,,,INTERMEDIARY
"[""Intermediary""]",The Bahamas Leaks data is current through early 2016.,BHS,Bahamas,bl_23000476,Bahamas Leaks,,FRED GOTTLIEB & CO. (ABACO),,,,,,,,,,,INTERMEDIARY
"[""Intermediary""]",The Bahamas Leaks data is current through early 2016.,BHS,Bahamas,bl_23000477,Bahamas Leaks,,COUTTS TRUSTEES (BAHAMAS) LIMITED,,,,,,,,,,,INTERMEDIARY
"[""Intermediary""]",The Bahamas Leaks data is current through early 2016.,BHS,Bahamas,bl_23000478,Bahamas Leaks,,SEAN B. CALLENDER & CO.,,,,,,,,,,,INTERMEDIARY
"[""Intermediary""]",The Bahamas Leaks data is current through early 2016.,BHS,Bahamas,bl_23000479,Bahamas Leaks,,BANK OF THE BAHAMAS LIMITED,,,,,,,,,,,INTERMEDIARY
"[""Intermediary""]",The Bahamas Leaks data is current through early 2016.,BHS,Bahamas,bl_23000480,Bahamas Leaks,,LYFORD CORPORATE SERVICES LTD.,,,,,,,,,,,INTERMEDIARY
"[""Intermediary""]",The Bahamas Leaks data is current through early 2016.,BHS,Bahamas,bl_23000481,Bahamas Leaks,,CREDIT AGRICOLE MANAGEMENT SERV (BAH),,,,,,,,,,,INTERMEDIARY
"[""Intermediary""]",The Bahamas Leaks data is current through early 2016.,BHS,Bahamas,bl_23000482,Bahamas Leaks,,UBP INTERNATIONAL TRUST LIMITED,,,,,,,,,,,INTERMEDIARY
"[""Intermediary""]",The Bahamas Leaks data is current through early 2016.,BHS,Bahamas,bl_23000483,Bahamas Leaks,,BAHAMAS COMPANY FORMATION SERVICES LTD.,,,,,,,,,,,INTERMEDIARY
"[""Intermediary""]",The Bahamas Leaks data is current through early 2016.,BHS,Bahamas,bl_23000484,Bahamas Leaks,,BEHRING INT'L ASSET MANAGEMENT LIMITED,,,,,,,,,,,INTERMEDIARY
"[""Intermediary""]",The Bahamas Leaks data is current through early 2016.,BHS,Bahamas,bl_23000485,Bahamas Leaks,,HOPE STRACHAN,,,,,,,,,,,INTERMEDIARY
"[""Intermediary""]",The Bahamas Leaks data is current through early 2016.,BHS,Bahamas,bl_23000486,Bahamas Leaks,,MERCURY PARTNERS,,,,,,,,,,,INTERMEDIARY
"[""Intermediary""]",The Bahamas Leaks data is current through early 2016.,BHS,Bahamas,bl_23000487,Bahamas Leaks,,BANCA DEL SEMPIONE (OVERSEAS) LTD.,,,,,,,,,,,INTERMEDIARY
"[""Intermediary""]",The Bahamas Leaks data is current through early 2016.,BHS,Bahamas,bl_23000488,Bahamas Leaks,,PMA CORPORATE SERVICES (BAHAMAS) LTD.,,,,,,,,,,,INTERMEDIARY
"[""Intermediary""]",The Bahamas Leaks data is current through early 2016.,BHS,Bahamas,bl_23000489,Bahamas Leaks,,BAVT CORPORATION LIMITED,,,,,,,,,,,INTERMEDIARY
"[""Intermediary""]",The Bahamas Leaks data is current through early 2016.,BHS,Bahamas,bl_23000490,Bahamas Leaks,,TURNQUEST & CO.,,,,,,,,,,,INTERMEDIARY
"[""Intermediary""]",The Bahamas Leaks data is current through early 2016.,BHS,Bahamas,bl_23000491,Bahamas Leaks,,MORTON PIASETSKI,,,,,,,,,,,INTERMEDIARY
"[""Intermediary""]",The Bahamas Leaks data is current through early 2016.,BHS,Bahamas,bl_23000492,Bahamas Leaks,,MARYLEE L. BRAYNEN-SYMONETTE & CO,,,,,,,,,,,INTERMEDIARY
"[""Intermediary""]",The Bahamas Leaks data is current through early 2016.,BHS,Bahamas,bl_23000493,Bahamas Leaks,,BE SURE OFFSHORE LTD.,,,,,,,,,,,INTERMEDIARY
"[""Intermediary""]",The Bahamas Leaks data is current through early 2016.,BHS,Bahamas,bl_23000494,Bahamas Leaks,,BDS CORPORATE SERVICES LIMITED,,,,,,,,,,,INTERMEDIARY
"[""Intermediary""]",The Bahamas Leaks data is current through early 2016.,BHS,Bahamas,bl_23000495,Bahamas Leaks,,UNION BANCAIRE PRIVEE INT'L TRUST,,,,,,,,,,,INTERMEDIARY
"[""Intermediary""]",The Bahamas Leaks data is current through early 2016.,BHS,Bahamas,bl_23000496,Bahamas Leaks,,GRC CORPORATE SERVICES LTD.,,,,,,,,,,,INTERMEDIARY
"[""Intermediary""]",The Bahamas Leaks data is current through early 2016.,BHS,Bahamas,bl_23000497,Bahamas Leaks,,W.R. DUNCOMBE & ASSOCIATES LIMITED,,,,,,,,,,,INTERMEDIARY
"[""Intermediary""]",The Bahamas Leaks data is current through early 2016.,BHS,Bahamas,bl_23000498,Bahamas Leaks,,HC CORPORATE SERVICES LIMITED,,,,,,,,,,,INTERMEDIARY
"[""Intermediary""]",The Bahamas Leaks data is current through early 2016.,BHS,Bahamas,bl_23000499,Bahamas Leaks,,MICHAEL C. MILLER,,,,,,,,,,,INTERMEDIARY
"[""Intermediary""]",The Bahamas Leaks data is current through early 2016.,BHS,Bahamas,bl_23000500,Bahamas Leaks,,THE ST. JAMES BANK & TRUST COMPANY LTD.,,,,,,,,,,,INTERMEDIARY
"[""Intermediary""]",The Bahamas Leaks data is current through early 2016.,BHS,Bahamas,bl_23000501,Bahamas Leaks,,SIMMONS & CO.,,,,,,,,,,,INTERMEDIARY
"[""Intermediary""]",The Bahamas Leaks data is current through early 2016.,BHS,Bahamas,bl_23000502,Bahamas Leaks,,"STERLING ACS, LTD.",,,,,,,,,,,INTERMEDIARY
"[""Intermediary""]",The Bahamas Leaks data is current through early 2016.,BHS,Bahamas,bl_23000503,Bahamas Leaks,,CBH (BAHAMAS) LTD.,,,,,,,,,,,INTERMEDIARY
"[""Intermediary""]",The Bahamas Leaks data is current through early 2016.,BHS,Bahamas,bl_23000504,Bahamas Leaks,,BBM BANK LIMITED,,,,,,,,,,,INTERMEDIARY
"[""Intermediary""]",The Bahamas Leaks data is current through early 2016.,BHS,Bahamas,bl_23000505,Bahamas Leaks,,CAYSIDE TRUST COMPANY LIMITED,,,,,,,,,,,INTERMEDIARY
"[""Intermediary""]",The Bahamas Leaks data is current through early 2016.,BHS,Bahamas,bl_23000506,Bahamas Leaks,,RAWSON MCDONALD & CO. LTD.,,,,,,,,,,,INTERMEDIARY
"[""Intermediary""]",The Bahamas Leaks data is current through early 2016.,BHS,Bahamas,bl_23000507,Bahamas Leaks,,Meridian Law Chambers,,,,,,,,,,,INTERMEDIARY
"[""Intermediary""]",The Bahamas Leaks data is current through early 2016.,BHS,Bahamas,bl_23000508,Bahamas Leaks,,TYRONE A. PYFROM,,,,,,,,,,,INTERMEDIARY
"[""Intermediary""]",The Bahamas Leaks data is current through early 2016.,BHS,Bahamas,bl_23000509,Bahamas Leaks,,C F CORPORATE SERVICES,,,,,,,,,,,INTERMEDIARY
"[""Intermediary""]",The Bahamas Leaks data is current through early 2016.,BHS,Bahamas,bl_23000510,Bahamas Leaks,,WILLIAM HOGG,,,,,,,,,,,INTERMEDIARY
"[""Intermediary""]",The Bahamas Leaks data is current through early 2016.,BHS,Bahamas,bl_23000511,Bahamas Leaks,,EQUITY BANK AND TRUST BAHAMAS LIMITED,,,,,,,,,,,INTERMEDIARY
"[""Intermediary""]",The Bahamas Leaks data is current through early 2016.,BHS,Bahamas,bl_23000512,Bahamas Leaks,,LYFORD INTERNATIONAL BANK AND TRUST LTD.,,,,,,,,,,,INTERMEDIARY
"[""Intermediary""]",The Bahamas Leaks data is current through early 2016.,BHS,Bahamas,bl_23000513,Bahamas Leaks,,Tara D. Dorsett (Freeport),,,,,,,,,,,INTERMEDIARY
"[""Intermediary""]",The Bahamas Leaks data is current through early 2016.,BHS,Bahamas,bl_23000514,Bahamas Leaks,,FTP CORPORATE SERVICES LTD.,,,,,,,,,,,INTERMEDIARY
"[""Intermediary""]",The Bahamas Leaks data is current through early 2016.,BHS,Bahamas,bl_23000515,Bahamas Leaks,,LLEWELLYN V. BOYER-CARTWRIGHT,,,,,,,,,,,INTERMEDIARY
"[""Intermediary""]",The Bahamas Leaks data is current through early 2016.,BHS,Bahamas,bl_23000516,Bahamas Leaks,,CAYSTONE SOLUTIONS LTD.,,,,,,,,,,,INTERMEDIARY
"[""Intermediary""]",The Bahamas Leaks data is current through early 2016.,BHS,Bahamas,bl_23000517,Bahamas Leaks,,NATALIE A. CLARKE,,,,,,,,,,,INTERMEDIARY
"[""Intermediary""]",The Bahamas Leaks data is current through early 2016.,BHS,Bahamas,bl_23000518,Bahamas Leaks,,RBC ROYAL BANK (BAHAMAS) LIMITED,,,,,,,,,,,INTERMEDIARY
"[""Intermediary""]",The Bahamas Leaks data is current through early 2016.,BHS,Bahamas,bl_23000519,Bahamas Leaks,,HILL STREET MANAGEMENT CO. LTD.,,,,,,,,,,,INTERMEDIARY
"[""Intermediary""]",The Bahamas Leaks data is current through early 2016.,BHS,Bahamas,bl_23000520,Bahamas Leaks,,EDWARD BRENDAN LYNCH,,,,,,,,,,,INTERMEDIARY
"[""Intermediary""]",The Bahamas Leaks data is current through early 2016.,BHS,Bahamas,bl_23000521,Bahamas Leaks,,JETHRO L. MILLER,,,,,,,,,,,INTERMEDIARY
"[""Intermediary""]",The Bahamas Leaks data is current through early 2016.,BHS,Bahamas,bl_23000522,Bahamas Leaks,,BRITANNIA GROUP LTD.,,,,,,,,,,,INTERMEDIARY
"[""Intermediary""]",The Bahamas Leaks data is current through early 2016.,BHS,Bahamas,bl_23000523,Bahamas Leaks,,JULIUS BAER TRUST COMPANY (BAHAMAS) LTD,,,,,,,,,,,INTERMEDIARY
"[""Intermediary""]",The Bahamas Leaks data is current through early 2016.,BHS,Bahamas,bl_23000524,Bahamas Leaks,,CHILCOTT CORPORATE SERVICES LIMITED,,,,,,,,,,,INTERMEDIARY
"[""Intermediary""]",The Bahamas Leaks data is current through early 2016.,BHS,Bahamas,bl_23000525,Bahamas Leaks,,SECURED MANAGEMENT SERVICES LTD.,,,,,,,,,,,INTERMEDIARY
"[""Intermediary""]",The Bahamas Leaks data is current through early 2016.,BHS,Bahamas,bl_23000526,Bahamas Leaks,,AEGIS CORPORATE SERVICES LTD.,,,,,,,,,,,INTERMEDIARY
"[""Intermediary""]",The Bahamas Leaks data is current through early 2016.,BHS,Bahamas,bl_23000527,Bahamas Leaks,,DAVID THOMPSON (FREEPORT),,,,,,,,,,,INTERMEDIARY
"[""Intermediary""]",The Bahamas Leaks data is current through early 2016.,BHS,Bahamas,bl_23000528,Bahamas Leaks,,AMICORP BAHAMAS MANAGEMENT LIMITED,,,,,,,,,,,INTERMEDIARY
"[""Intermediary""]",The Bahamas Leaks data is current through early 2016.,BHS,Bahamas,bl_23000529,Bahamas Leaks,,CARLINO & CO.,,,,,,,,,,,INTERMEDIARY
"[""Intermediary""]",The Bahamas Leaks data is current through early 2016.,BHS,Bahamas,bl_23000530,Bahamas Leaks,,The Britannia Group Ltd.,,,,,,,,,,,INTERMEDIARY
"[""Intermediary""]",The Bahamas Leaks data is current through early 2016.,BHS,Bahamas,bl_23000531,Bahamas Leaks,,Delaney Corp. (Bahamas) Ltd.,,,,,,,,,,,INTERMEDIARY
"[""Intermediary""]",The Bahamas Leaks data is current through early 2016.,BHS,Bahamas,bl_23000532,Bahamas Leaks,,PAUL DAVID MOSS,,,,,,,,,,,INTERMEDIARY
"[""Intermediary""]",The Bahamas Leaks data is current through early 2016.,BHS,Bahamas,bl_23000533,Bahamas Leaks,,CITCO BANK & TRUST COMPANY (BAHAMAS) LTD,,,,,,,,,,,INTERMEDIARY
"[""Intermediary""]",The Bahamas Leaks data is current through early 2016.,BHS,Bahamas,bl_23000534,Bahamas Leaks,,WINDERMERE CORPORATE MANAGEMENT LIMITED,,,,,,,,,,,INTERMEDIARY
"[""Intermediary""]",The Bahamas Leaks data is current through early 2016.,BHS,Bahamas,bl_23000535,Bahamas Leaks,,FREYCINET CORPORATE SERVICES (BAHAMAS) L,,,,,,,,,,,INTERMEDIARY
"[""Intermediary""]",The Bahamas Leaks data is current through early 2016.,BHS,Bahamas,bl_23000536,Bahamas Leaks,,STERLING R. L. QUANT,,,,,,,,,,,INTERMEDIARY
"[""Intermediary""]",The Bahamas Leaks data is current through early 2016.,BHS,Bahamas,bl_23000537,Bahamas Leaks,,H & J FIDUCIARY SERVICES LTD.,,,,,,,,,,,INTERMEDIARY
"[""Intermediary""]",The Bahamas Leaks data is current through early 2016.,BHS,Bahamas,bl_23000538,Bahamas Leaks,,CROMWELL TRUST COMPANY LIMITED,,,,,,,,,,,INTERMEDIARY
"[""Intermediary""]",The Bahamas Leaks data is current through early 2016.,BHS,Bahamas,bl_23000539,Bahamas Leaks,,MUNDO ADVISORS,,,,,,,,,,,INTERMEDIARY
"[""Intermediary""]",The Bahamas Leaks data is current through early 2016.,BHS,Bahamas,bl_23000540,Bahamas Leaks,,"RUIZ E.C. MUNNINGS & CO.,",,,,,,,,,,,INTERMEDIARY
"[""Intermediary""]",The Bahamas Leaks data is current through early 2016.,BHS,Bahamas,bl_23000541,Bahamas Leaks,,MR. WILLIAMS WELLS,,,,,,,,,,,INTERMEDIARY
