"ol_110051","IS_OFFICER_AND_INTERMEDIARY","ol_110051x"
"ol_110067","IS_OFFICER_AND_INTERMEDIARY","ol_110067x"
"ol_110127","IS_OFFICER_AND_INTERMEDIARY","ol_110127x"
"ol_110154","IS_OFFICER_AND_INTERMEDIARY","ol_110154x"
"ol_110297","IS_OFFICER_AND_INTERMEDIARY","ol_110297x"
"ol_110401","IS_OFFICER_AND_INTERMEDIARY","ol_110401x"
"ol_110437","IS_OFFICER_AND_INTERMEDIARY","ol_110437x"
"ol_110494","IS_OFFICER_AND_INTERMEDIARY","ol_110494x"
"ol_110544","IS_OFFICER_AND_INTERMEDIARY","ol_110544x"
"ol_110602","IS_OFFICER_AND_INTERMEDIARY","ol_110602x"
"ol_110656","IS_OFFICER_AND_INTERMEDIARY","ol_110656x"
"ol_110677","IS_OFFICER_AND_INTERMEDIARY","ol_110677x"
"ol_110728","IS_OFFICER_AND_INTERMEDIARY","ol_110728x"
"ol_110774","IS_OFFICER_AND_INTERMEDIARY","ol_110774x"
"ol_110823","IS_OFFICER_AND_INTERMEDIARY","ol_110823x"
"ol_110834","IS_OFFICER_AND_INTERMEDIARY","ol_110834x"
"ol_110837","IS_OFFICER_AND_INTERMEDIARY","ol_110837x"
"ol_110874","IS_OFFICER_AND_INTERMEDIARY","ol_110874x"
"ol_110922","IS_OFFICER_AND_INTERMEDIARY","ol_110922x"
"ol_110951","IS_OFFICER_AND_INTERMEDIARY","ol_110951x"
"ol_110971","IS_OFFICER_AND_INTERMEDIARY","ol_110971x"
"ol_110983","IS_OFFICER_AND_INTERMEDIARY","ol_110983x"
"ol_111008","IS_OFFICER_AND_INTERMEDIARY","ol_111008x"
"ol_111149","IS_OFFICER_AND_INTERMEDIARY","ol_111149x"
"ol_111174","IS_OFFICER_AND_INTERMEDIARY","ol_111174x"
"ol_111228","IS_OFFICER_AND_INTERMEDIARY","ol_111228x"
"ol_111241","IS_OFFICER_AND_INTERMEDIARY","ol_111241x"
"ol_111293","IS_OFFICER_AND_INTERMEDIARY","ol_111293x"
"ol_111431","IS_OFFICER_AND_INTERMEDIARY","ol_111431x"
"ol_111459","IS_OFFICER_AND_INTERMEDIARY","ol_111459x"
"ol_111518","IS_OFFICER_AND_INTERMEDIARY","ol_111518x"
"ol_111558","IS_OFFICER_AND_INTERMEDIARY","ol_111558x"
"ol_111618","IS_OFFICER_AND_INTERMEDIARY","ol_111618x"
"ol_111665","IS_OFFICER_AND_INTERMEDIARY","ol_111665x"
"ol_111738","IS_OFFICER_AND_INTERMEDIARY","ol_111738x"
"ol_111808","IS_OFFICER_AND_INTERMEDIARY","ol_111808x"
"ol_111821","IS_OFFICER_AND_INTERMEDIARY","ol_111821x"
"ol_111823","IS_OFFICER_AND_INTERMEDIARY","ol_111823x"
"ol_111853","IS_OFFICER_AND_INTERMEDIARY","ol_111853x"
"ol_111906","IS_OFFICER_AND_INTERMEDIARY","ol_111906x"
"ol_111925","IS_OFFICER_AND_INTERMEDIARY","ol_111925x"
"ol_111948","IS_OFFICER_AND_INTERMEDIARY","ol_111948x"
"ol_111981","IS_OFFICER_AND_INTERMEDIARY","ol_111981x"
"ol_112077","IS_OFFICER_AND_INTERMEDIARY","ol_112077x"
"ol_112085","IS_OFFICER_AND_INTERMEDIARY","ol_112085x"
"ol_112184","IS_OFFICER_AND_INTERMEDIARY","ol_112184x"
"ol_112187","IS_OFFICER_AND_INTERMEDIARY","ol_112187x"
"ol_112225","IS_OFFICER_AND_INTERMEDIARY","ol_112225x"
"ol_112233","IS_OFFICER_AND_INTERMEDIARY","ol_112233x"
"ol_112277","IS_OFFICER_AND_INTERMEDIARY","ol_112277x"
"ol_112305","IS_OFFICER_AND_INTERMEDIARY","ol_112305x"
"ol_112318","IS_OFFICER_AND_INTERMEDIARY","ol_112318x"
"ol_112349","IS_OFFICER_AND_INTERMEDIARY","ol_112349x"
"ol_112387","IS_OFFICER_AND_INTERMEDIARY","ol_112387x"
"ol_112423","IS_OFFICER_AND_INTERMEDIARY","ol_112423x"
"ol_112461","IS_OFFICER_AND_INTERMEDIARY","ol_112461x"
"ol_112521","IS_OFFICER_AND_INTERMEDIARY","ol_112521x"
"ol_112566","IS_OFFICER_AND_INTERMEDIARY","ol_112566x"
"ol_112614","IS_OFFICER_AND_INTERMEDIARY","ol_112614x"
"ol_112699","IS_OFFICER_AND_INTERMEDIARY","ol_112699x"
"ol_112703","IS_OFFICER_AND_INTERMEDIARY","ol_112703x"
"ol_112902","IS_OFFICER_AND_INTERMEDIARY","ol_112902x"
"ol_112903","IS_OFFICER_AND_INTERMEDIARY","ol_112903x"
"ol_112986","IS_OFFICER_AND_INTERMEDIARY","ol_112986x"
"ol_113034","IS_OFFICER_AND_INTERMEDIARY","ol_113034x"
"ol_113038","IS_OFFICER_AND_INTERMEDIARY","ol_113038x"
"ol_113045","IS_OFFICER_AND_INTERMEDIARY","ol_113045x"
"ol_113225","IS_OFFICER_AND_INTERMEDIARY","ol_113225x"
"ol_113236","IS_OFFICER_AND_INTERMEDIARY","ol_113236x"
"ol_113279","IS_OFFICER_AND_INTERMEDIARY","ol_113279x"
"ol_113288","IS_OFFICER_AND_INTERMEDIARY","ol_113288x"
"ol_113324","IS_OFFICER_AND_INTERMEDIARY","ol_113324x"
"ol_113377","IS_OFFICER_AND_INTERMEDIARY","ol_113377x"
"ol_113413","IS_OFFICER_AND_INTERMEDIARY","ol_113413x"
"ol_113435","IS_OFFICER_AND_INTERMEDIARY","ol_113435x"
"ol_113490","IS_OFFICER_AND_INTERMEDIARY","ol_113490x"
"ol_113511","IS_OFFICER_AND_INTERMEDIARY","ol_113511x"
"ol_113538","IS_OFFICER_AND_INTERMEDIARY","ol_113538x"
"ol_113612","IS_OFFICER_AND_INTERMEDIARY","ol_113612x"
"ol_113620","IS_OFFICER_AND_INTERMEDIARY","ol_113620x"
"ol_113721","IS_OFFICER_AND_INTERMEDIARY","ol_113721x"
"ol_113871","IS_OFFICER_AND_INTERMEDIARY","ol_113871x"
"ol_113988","IS_OFFICER_AND_INTERMEDIARY","ol_113988x"
"ol_114023","IS_OFFICER_AND_INTERMEDIARY","ol_114023x"
"ol_114100","IS_OFFICER_AND_INTERMEDIARY","ol_114100x"
"ol_114143","IS_OFFICER_AND_INTERMEDIARY","ol_114143x"
"ol_114156","IS_OFFICER_AND_INTERMEDIARY","ol_114156x"
"ol_114164","IS_OFFICER_AND_INTERMEDIARY","ol_114164x"
"ol_114242","IS_OFFICER_AND_INTERMEDIARY","ol_114242x"
"ol_114314","IS_OFFICER_AND_INTERMEDIARY","ol_114314x"
"ol_114382","IS_OFFICER_AND_INTERMEDIARY","ol_114382x"
"ol_114417","IS_OFFICER_AND_INTERMEDIARY","ol_114417x"
"ol_114428","IS_OFFICER_AND_INTERMEDIARY","ol_114428x"
"ol_114465","IS_OFFICER_AND_INTERMEDIARY","ol_114465x"
"ol_114551","IS_OFFICER_AND_INTERMEDIARY","ol_114551x"
"ol_114683","IS_OFFICER_AND_INTERMEDIARY","ol_114683x"
"ol_114737","IS_OFFICER_AND_INTERMEDIARY","ol_114737x"
"ol_114754","IS_OFFICER_AND_INTERMEDIARY","ol_114754x"
"ol_114766","IS_OFFICER_AND_INTERMEDIARY","ol_114766x"
"ol_114790","IS_OFFICER_AND_INTERMEDIARY","ol_114790x"
"ol_114792","IS_OFFICER_AND_INTERMEDIARY","ol_114792x"
"ol_114806","IS_OFFICER_AND_INTERMEDIARY","ol_114806x"
"ol_114857","IS_OFFICER_AND_INTERMEDIARY","ol_114857x"
"ol_114865","IS_OFFICER_AND_INTERMEDIARY","ol_114865x"
"ol_114928","IS_OFFICER_AND_INTERMEDIARY","ol_114928x"
"ol_115016","IS_OFFICER_AND_INTERMEDIARY","ol_115016x"
"ol_115039","IS_OFFICER_AND_INTERMEDIARY","ol_115039x"
"ol_115046","IS_OFFICER_AND_INTERMEDIARY","ol_115046x"
"ol_115067","IS_OFFICER_AND_INTERMEDIARY","ol_115067x"
"ol_115191","IS_OFFICER_AND_INTERMEDIARY","ol_115191x"
"ol_115197","IS_OFFICER_AND_INTERMEDIARY","ol_115197x"
"ol_115235","IS_OFFICER_AND_INTERMEDIARY","ol_115235x"
"ol_115392","IS_OFFICER_AND_INTERMEDIARY","ol_115392x"
"ol_115470","IS_OFFICER_AND_INTERMEDIARY","ol_115470x"
"ol_115476","IS_OFFICER_AND_INTERMEDIARY","ol_115476x"
"ol_115681","IS_OFFICER_AND_INTERMEDIARY","ol_115681x"
"ol_115706","IS_OFFICER_AND_INTERMEDIARY","ol_115706x"
"ol_115848","IS_OFFICER_AND_INTERMEDIARY","ol_115848x"
"ol_115882","IS_OFFICER_AND_INTERMEDIARY","ol_115882x"
"ol_115939","IS_OFFICER_AND_INTERMEDIARY","ol_115939x"
"ol_116017","IS_OFFICER_AND_INTERMEDIARY","ol_116017x"
"ol_116023","IS_OFFICER_AND_INTERMEDIARY","ol_116023x"
"ol_116044","IS_OFFICER_AND_INTERMEDIARY","ol_116044x"
"ol_116064","IS_OFFICER_AND_INTERMEDIARY","ol_116064x"
"ol_116115","IS_OFFICER_AND_INTERMEDIARY","ol_116115x"
"ol_116126","IS_OFFICER_AND_INTERMEDIARY","ol_116126x"
"ol_116141","IS_OFFICER_AND_INTERMEDIARY","ol_116141x"
"ol_116152","IS_OFFICER_AND_INTERMEDIARY","ol_116152x"
"ol_116188","IS_OFFICER_AND_INTERMEDIARY","ol_116188x"
"ol_116252","IS_OFFICER_AND_INTERMEDIARY","ol_116252x"
"ol_116399","IS_OFFICER_AND_INTERMEDIARY","ol_116399x"
"ol_116439","IS_OFFICER_AND_INTERMEDIARY","ol_116439x"
"ol_116470","IS_OFFICER_AND_INTERMEDIARY","ol_116470x"
"ol_116486","IS_OFFICER_AND_INTERMEDIARY","ol_116486x"
"ol_116507","IS_OFFICER_AND_INTERMEDIARY","ol_116507x"
"ol_116528","IS_OFFICER_AND_INTERMEDIARY","ol_116528x"
"ol_116580","IS_OFFICER_AND_INTERMEDIARY","ol_116580x"
"ol_116614","IS_OFFICER_AND_INTERMEDIARY","ol_116614x"
"ol_116729","IS_OFFICER_AND_INTERMEDIARY","ol_116729x"
"ol_116734","IS_OFFICER_AND_INTERMEDIARY","ol_116734x"
"ol_116808","IS_OFFICER_AND_INTERMEDIARY","ol_116808x"
"ol_116811","IS_OFFICER_AND_INTERMEDIARY","ol_116811x"
"ol_116822","IS_OFFICER_AND_INTERMEDIARY","ol_116822x"
"ol_116824","IS_OFFICER_AND_INTERMEDIARY","ol_116824x"
"ol_116830","IS_OFFICER_AND_INTERMEDIARY","ol_116830x"
"ol_116997","IS_OFFICER_AND_INTERMEDIARY","ol_116997x"
"ol_117007","IS_OFFICER_AND_INTERMEDIARY","ol_117007x"
"ol_117077","IS_OFFICER_AND_INTERMEDIARY","ol_117077x"
"ol_117173","IS_OFFICER_AND_INTERMEDIARY","ol_117173x"
"ol_117449","IS_OFFICER_AND_INTERMEDIARY","ol_117449x"
"ol_117456","IS_OFFICER_AND_INTERMEDIARY","ol_117456x"
"ol_117460","IS_OFFICER_AND_INTERMEDIARY","ol_117460x"
"ol_117539","IS_OFFICER_AND_INTERMEDIARY","ol_117539x"
"ol_117544","IS_OFFICER_AND_INTERMEDIARY","ol_117544x"
"ol_117638","IS_OFFICER_AND_INTERMEDIARY","ol_117638x"
"ol_117703","IS_OFFICER_AND_INTERMEDIARY","ol_117703x"
"ol_117787","IS_OFFICER_AND_INTERMEDIARY","ol_117787x"
"ol_117791","IS_OFFICER_AND_INTERMEDIARY","ol_117791x"
"ol_117898","IS_OFFICER_AND_INTERMEDIARY","ol_117898x"
"ol_117937","IS_OFFICER_AND_INTERMEDIARY","ol_117937x"
"ol_118143","IS_OFFICER_AND_INTERMEDIARY","ol_118143x"
"ol_118149","IS_OFFICER_AND_INTERMEDIARY","ol_118149x"
"ol_118348","IS_OFFICER_AND_INTERMEDIARY","ol_118348x"
"ol_118460","IS_OFFICER_AND_INTERMEDIARY","ol_118460x"
"ol_118503","IS_OFFICER_AND_INTERMEDIARY","ol_118503x"
"ol_118537","IS_OFFICER_AND_INTERMEDIARY","ol_118537x"
"ol_118632","IS_OFFICER_AND_INTERMEDIARY","ol_118632x"
"ol_118685","IS_OFFICER_AND_INTERMEDIARY","ol_118685x"
"ol_118689","IS_OFFICER_AND_INTERMEDIARY","ol_118689x"
"ol_118707","IS_OFFICER_AND_INTERMEDIARY","ol_118707x"
"ol_118841","IS_OFFICER_AND_INTERMEDIARY","ol_118841x"
"ol_118871","IS_OFFICER_AND_INTERMEDIARY","ol_118871x"
"ol_119071","IS_OFFICER_AND_INTERMEDIARY","ol_119071x"
"ol_119095","IS_OFFICER_AND_INTERMEDIARY","ol_119095x"
"ol_119104","IS_OFFICER_AND_INTERMEDIARY","ol_119104x"
"ol_21309","IS_OFFICER_AND_INTERMEDIARY","ol_21309x"
"ol_21945","IS_OFFICER_AND_INTERMEDIARY","ol_21945x"
"ol_24588","IS_OFFICER_AND_INTERMEDIARY","ol_24588x"
"ol_27115","IS_OFFICER_AND_INTERMEDIARY","ol_27115x"
"ol_27729","IS_OFFICER_AND_INTERMEDIARY","ol_27729x"
"ol_28798","IS_OFFICER_AND_INTERMEDIARY","ol_28798x"
"ol_28984","IS_OFFICER_AND_INTERMEDIARY","ol_28984x"
"ol_40201","IS_OFFICER_AND_INTERMEDIARY","ol_40201x"
"ol_41342","IS_OFFICER_AND_INTERMEDIARY","ol_41342x"
"ol_41530","IS_OFFICER_AND_INTERMEDIARY","ol_41530x"
"ol_41540","IS_OFFICER_AND_INTERMEDIARY","ol_41540x"
"ol_41698","IS_OFFICER_AND_INTERMEDIARY","ol_41698x"
"ol_41732","IS_OFFICER_AND_INTERMEDIARY","ol_41732x"
"ol_41755","IS_OFFICER_AND_INTERMEDIARY","ol_41755x"
"ol_41757","IS_OFFICER_AND_INTERMEDIARY","ol_41757x"
"ol_41817","IS_OFFICER_AND_INTERMEDIARY","ol_41817x"
"ol_41853","IS_OFFICER_AND_INTERMEDIARY","ol_41853x"
"ol_41862","IS_OFFICER_AND_INTERMEDIARY","ol_41862x"
"ol_41920","IS_OFFICER_AND_INTERMEDIARY","ol_41920x"
"ol_41934","IS_OFFICER_AND_INTERMEDIARY","ol_41934x"
"ol_41951","IS_OFFICER_AND_INTERMEDIARY","ol_41951x"
"ol_42165","IS_OFFICER_AND_INTERMEDIARY","ol_42165x"
"ol_42317","IS_OFFICER_AND_INTERMEDIARY","ol_42317x"
"ol_42322","IS_OFFICER_AND_INTERMEDIARY","ol_42322x"
"ol_42335","IS_OFFICER_AND_INTERMEDIARY","ol_42335x"
"ol_42338","IS_OFFICER_AND_INTERMEDIARY","ol_42338x"
"ol_42403","IS_OFFICER_AND_INTERMEDIARY","ol_42403x"
"ol_42570","IS_OFFICER_AND_INTERMEDIARY","ol_42570x"
"ol_42587","IS_OFFICER_AND_INTERMEDIARY","ol_42587x"
"ol_42638","IS_OFFICER_AND_INTERMEDIARY","ol_42638x"
"ol_42644","IS_OFFICER_AND_INTERMEDIARY","ol_42644x"
"ol_42655","IS_OFFICER_AND_INTERMEDIARY","ol_42655x"
"ol_42686","IS_OFFICER_AND_INTERMEDIARY","ol_42686x"
"ol_42708","IS_OFFICER_AND_INTERMEDIARY","ol_42708x"
"ol_42710","IS_OFFICER_AND_INTERMEDIARY","ol_42710x"
"ol_42741","IS_OFFICER_AND_INTERMEDIARY","ol_42741x"
"ol_42831","IS_OFFICER_AND_INTERMEDIARY","ol_42831x"
"ol_42959","IS_OFFICER_AND_INTERMEDIARY","ol_42959x"
"ol_43054","IS_OFFICER_AND_INTERMEDIARY","ol_43054x"
"ol_43107","IS_OFFICER_AND_INTERMEDIARY","ol_43107x"
"ol_43231","IS_OFFICER_AND_INTERMEDIARY","ol_43231x"
"ol_43309","IS_OFFICER_AND_INTERMEDIARY","ol_43309x"
"ol_43421","IS_OFFICER_AND_INTERMEDIARY","ol_43421x"
"ol_43436","IS_OFFICER_AND_INTERMEDIARY","ol_43436x"
"ol_43439","IS_OFFICER_AND_INTERMEDIARY","ol_43439x"
"ol_43517","IS_OFFICER_AND_INTERMEDIARY","ol_43517x"
"ol_43650","IS_OFFICER_AND_INTERMEDIARY","ol_43650x"
"ol_43656","IS_OFFICER_AND_INTERMEDIARY","ol_43656x"
"ol_43724","IS_OFFICER_AND_INTERMEDIARY","ol_43724x"
"ol_43743","IS_OFFICER_AND_INTERMEDIARY","ol_43743x"
"ol_43744","IS_OFFICER_AND_INTERMEDIARY","ol_43744x"
"ol_43824","IS_OFFICER_AND_INTERMEDIARY","ol_43824x"
"ol_43883","IS_OFFICER_AND_INTERMEDIARY","ol_43883x"
"ol_43921","IS_OFFICER_AND_INTERMEDIARY","ol_43921x"
"ol_44241","IS_OFFICER_AND_INTERMEDIARY","ol_44241x"
"ol_44292","IS_OFFICER_AND_INTERMEDIARY","ol_44292x"
"ol_44354","IS_OFFICER_AND_INTERMEDIARY","ol_44354x"
"ol_44416","IS_OFFICER_AND_INTERMEDIARY","ol_44416x"
"ol_44492","IS_OFFICER_AND_INTERMEDIARY","ol_44492x"
"ol_44495","IS_OFFICER_AND_INTERMEDIARY","ol_44495x"
"ol_44647","IS_OFFICER_AND_INTERMEDIARY","ol_44647x"
"ol_44801","IS_OFFICER_AND_INTERMEDIARY","ol_44801x"
"ol_44856","IS_OFFICER_AND_INTERMEDIARY","ol_44856x"
"ol_45017","IS_OFFICER_AND_INTERMEDIARY","ol_45017x"
"ol_45025","IS_OFFICER_AND_INTERMEDIARY","ol_45025x"
"ol_45035","IS_OFFICER_AND_INTERMEDIARY","ol_45035x"
"ol_45166","IS_OFFICER_AND_INTERMEDIARY","ol_45166x"
"ol_45206","IS_OFFICER_AND_INTERMEDIARY","ol_45206x"
"ol_45317","IS_OFFICER_AND_INTERMEDIARY","ol_45317x"
"ol_45340","IS_OFFICER_AND_INTERMEDIARY","ol_45340x"
"ol_45384","IS_OFFICER_AND_INTERMEDIARY","ol_45384x"
"ol_45659","IS_OFFICER_AND_INTERMEDIARY","ol_45659x"
"ol_45822","IS_OFFICER_AND_INTERMEDIARY","ol_45822x"
"ol_46139","IS_OFFICER_AND_INTERMEDIARY","ol_46139x"
"ol_46177","IS_OFFICER_AND_INTERMEDIARY","ol_46177x"
"ol_46214","IS_OFFICER_AND_INTERMEDIARY","ol_46214x"
"ol_46232","IS_OFFICER_AND_INTERMEDIARY","ol_46232x"
"ol_46300","IS_OFFICER_AND_INTERMEDIARY","ol_46300x"
"ol_46325","IS_OFFICER_AND_INTERMEDIARY","ol_46325x"
"ol_46333","IS_OFFICER_AND_INTERMEDIARY","ol_46333x"
"ol_46353","IS_OFFICER_AND_INTERMEDIARY","ol_46353x"
"ol_46391","IS_OFFICER_AND_INTERMEDIARY","ol_46391x"
"ol_46393","IS_OFFICER_AND_INTERMEDIARY","ol_46393x"
"ol_46426","IS_OFFICER_AND_INTERMEDIARY","ol_46426x"
"ol_46457","IS_OFFICER_AND_INTERMEDIARY","ol_46457x"
"ol_46573","IS_OFFICER_AND_INTERMEDIARY","ol_46573x"
"ol_46612","IS_OFFICER_AND_INTERMEDIARY","ol_46612x"
"ol_46820","IS_OFFICER_AND_INTERMEDIARY","ol_46820x"
"ol_46885","IS_OFFICER_AND_INTERMEDIARY","ol_46885x"
"ol_46939","IS_OFFICER_AND_INTERMEDIARY","ol_46939x"
"ol_46943","IS_OFFICER_AND_INTERMEDIARY","ol_46943x"
"ol_46955","IS_OFFICER_AND_INTERMEDIARY","ol_46955x"
"ol_46972","IS_OFFICER_AND_INTERMEDIARY","ol_46972x"
"ol_47002","IS_OFFICER_AND_INTERMEDIARY","ol_47002x"
"ol_47153","IS_OFFICER_AND_INTERMEDIARY","ol_47153x"
"ol_47185","IS_OFFICER_AND_INTERMEDIARY","ol_47185x"
"ol_47295","IS_OFFICER_AND_INTERMEDIARY","ol_47295x"
"ol_47298","IS_OFFICER_AND_INTERMEDIARY","ol_47298x"
"ol_47319","IS_OFFICER_AND_INTERMEDIARY","ol_47319x"
"ol_47358","IS_OFFICER_AND_INTERMEDIARY","ol_47358x"
"ol_47411","IS_OFFICER_AND_INTERMEDIARY","ol_47411x"
"ol_47419","IS_OFFICER_AND_INTERMEDIARY","ol_47419x"
"ol_47484","IS_OFFICER_AND_INTERMEDIARY","ol_47484x"
"ol_47524","IS_OFFICER_AND_INTERMEDIARY","ol_47524x"
"ol_47532","IS_OFFICER_AND_INTERMEDIARY","ol_47532x"
"ol_47665","IS_OFFICER_AND_INTERMEDIARY","ol_47665x"
"ol_47720","IS_OFFICER_AND_INTERMEDIARY","ol_47720x"
"ol_47788","IS_OFFICER_AND_INTERMEDIARY","ol_47788x"
"ol_47870","IS_OFFICER_AND_INTERMEDIARY","ol_47870x"
"ol_47967","IS_OFFICER_AND_INTERMEDIARY","ol_47967x"
"ol_48159","IS_OFFICER_AND_INTERMEDIARY","ol_48159x"
"ol_48230","IS_OFFICER_AND_INTERMEDIARY","ol_48230x"
"ol_48256","IS_OFFICER_AND_INTERMEDIARY","ol_48256x"
"ol_48356","IS_OFFICER_AND_INTERMEDIARY","ol_48356x"
"ol_48421","IS_OFFICER_AND_INTERMEDIARY","ol_48421x"
"ol_48503","IS_OFFICER_AND_INTERMEDIARY","ol_48503x"
"ol_48512","IS_OFFICER_AND_INTERMEDIARY","ol_48512x"
"ol_48565","IS_OFFICER_AND_INTERMEDIARY","ol_48565x"
"ol_48861","IS_OFFICER_AND_INTERMEDIARY","ol_48861x"
"ol_48863","IS_OFFICER_AND_INTERMEDIARY","ol_48863x"
"ol_48870","IS_OFFICER_AND_INTERMEDIARY","ol_48870x"
"ol_48872","IS_OFFICER_AND_INTERMEDIARY","ol_48872x"
"ol_48881","IS_OFFICER_AND_INTERMEDIARY","ol_48881x"
"ol_48925","IS_OFFICER_AND_INTERMEDIARY","ol_48925x"
"ol_48950","IS_OFFICER_AND_INTERMEDIARY","ol_48950x"
"ol_48995","IS_OFFICER_AND_INTERMEDIARY","ol_48995x"
"ol_49005","IS_OFFICER_AND_INTERMEDIARY","ol_49005x"
"ol_49055","IS_OFFICER_AND_INTERMEDIARY","ol_49055x"
"ol_49068","IS_OFFICER_AND_INTERMEDIARY","ol_49068x"
"ol_49086","IS_OFFICER_AND_INTERMEDIARY","ol_49086x"
"ol_49151","IS_OFFICER_AND_INTERMEDIARY","ol_49151x"
"ol_49249","IS_OFFICER_AND_INTERMEDIARY","ol_49249x"
"ol_49252","IS_OFFICER_AND_INTERMEDIARY","ol_49252x"
"ol_49263","IS_OFFICER_AND_INTERMEDIARY","ol_49263x"
"ol_49316","IS_OFFICER_AND_INTERMEDIARY","ol_49316x"
"ol_49346","IS_OFFICER_AND_INTERMEDIARY","ol_49346x"
"ol_49371","IS_OFFICER_AND_INTERMEDIARY","ol_49371x"
"ol_49473","IS_OFFICER_AND_INTERMEDIARY","ol_49473x"
"ol_49485","IS_OFFICER_AND_INTERMEDIARY","ol_49485x"
"ol_49531","IS_OFFICER_AND_INTERMEDIARY","ol_49531x"
"ol_49641","IS_OFFICER_AND_INTERMEDIARY","ol_49641x"
"ol_49681","IS_OFFICER_AND_INTERMEDIARY","ol_49681x"
"ol_49684","IS_OFFICER_AND_INTERMEDIARY","ol_49684x"
"ol_49689","IS_OFFICER_AND_INTERMEDIARY","ol_49689x"
"ol_49737","IS_OFFICER_AND_INTERMEDIARY","ol_49737x"
"ol_49793","IS_OFFICER_AND_INTERMEDIARY","ol_49793x"
"ol_49898","IS_OFFICER_AND_INTERMEDIARY","ol_49898x"
"ol_49910","IS_OFFICER_AND_INTERMEDIARY","ol_49910x"
"ol_49913","IS_OFFICER_AND_INTERMEDIARY","ol_49913x"
"ol_50044","IS_OFFICER_AND_INTERMEDIARY","ol_50044x"
"ol_50126","IS_OFFICER_AND_INTERMEDIARY","ol_50126x"
"ol_50197","IS_OFFICER_AND_INTERMEDIARY","ol_50197x"
"ol_50243","IS_OFFICER_AND_INTERMEDIARY","ol_50243x"
"ol_50326","IS_OFFICER_AND_INTERMEDIARY","ol_50326x"
"ol_50334","IS_OFFICER_AND_INTERMEDIARY","ol_50334x"
"ol_50346","IS_OFFICER_AND_INTERMEDIARY","ol_50346x"
"ol_50427","IS_OFFICER_AND_INTERMEDIARY","ol_50427x"
"ol_50575","IS_OFFICER_AND_INTERMEDIARY","ol_50575x"
"ol_50601","IS_OFFICER_AND_INTERMEDIARY","ol_50601x"
"ol_50631","IS_OFFICER_AND_INTERMEDIARY","ol_50631x"
"ol_50756","IS_OFFICER_AND_INTERMEDIARY","ol_50756x"
"ol_50815","IS_OFFICER_AND_INTERMEDIARY","ol_50815x"
"ol_50855","IS_OFFICER_AND_INTERMEDIARY","ol_50855x"
"ol_50903","IS_OFFICER_AND_INTERMEDIARY","ol_50903x"
"ol_50957","IS_OFFICER_AND_INTERMEDIARY","ol_50957x"
"ol_50983","IS_OFFICER_AND_INTERMEDIARY","ol_50983x"
"ol_51009","IS_OFFICER_AND_INTERMEDIARY","ol_51009x"
"ol_51030","IS_OFFICER_AND_INTERMEDIARY","ol_51030x"
"ol_51077","IS_OFFICER_AND_INTERMEDIARY","ol_51077x"
"ol_51122","IS_OFFICER_AND_INTERMEDIARY","ol_51122x"
"ol_51149","IS_OFFICER_AND_INTERMEDIARY","ol_51149x"
"ol_51162","IS_OFFICER_AND_INTERMEDIARY","ol_51162x"
"ol_51224","IS_OFFICER_AND_INTERMEDIARY","ol_51224x"
"ol_51270","IS_OFFICER_AND_INTERMEDIARY","ol_51270x"
"ol_51418","IS_OFFICER_AND_INTERMEDIARY","ol_51418x"
"ol_51436","IS_OFFICER_AND_INTERMEDIARY","ol_51436x"
"ol_51457","IS_OFFICER_AND_INTERMEDIARY","ol_51457x"
"ol_51479","IS_OFFICER_AND_INTERMEDIARY","ol_51479x"
"ol_51496","IS_OFFICER_AND_INTERMEDIARY","ol_51496x"
"ol_51654","IS_OFFICER_AND_INTERMEDIARY","ol_51654x"
"ol_51702","IS_OFFICER_AND_INTERMEDIARY","ol_51702x"
"ol_51728","IS_OFFICER_AND_INTERMEDIARY","ol_51728x"
"ol_51758","IS_OFFICER_AND_INTERMEDIARY","ol_51758x"
"ol_51773","IS_OFFICER_AND_INTERMEDIARY","ol_51773x"
"ol_51925","IS_OFFICER_AND_INTERMEDIARY","ol_51925x"
"ol_51940","IS_OFFICER_AND_INTERMEDIARY","ol_51940x"
"ol_51983","IS_OFFICER_AND_INTERMEDIARY","ol_51983x"
"ol_52001","IS_OFFICER_AND_INTERMEDIARY","ol_52001x"
"ol_52023","IS_OFFICER_AND_INTERMEDIARY","ol_52023x"
"ol_52106","IS_OFFICER_AND_INTERMEDIARY","ol_52106x"
"ol_52230","IS_OFFICER_AND_INTERMEDIARY","ol_52230x"
"ol_52270","IS_OFFICER_AND_INTERMEDIARY","ol_52270x"
"ol_52280","IS_OFFICER_AND_INTERMEDIARY","ol_52280x"
"ol_52321","IS_OFFICER_AND_INTERMEDIARY","ol_52321x"
"ol_52422","IS_OFFICER_AND_INTERMEDIARY","ol_52422x"
"ol_52474","IS_OFFICER_AND_INTERMEDIARY","ol_52474x"
"ol_52559","IS_OFFICER_AND_INTERMEDIARY","ol_52559x"
"ol_52560","IS_OFFICER_AND_INTERMEDIARY","ol_52560x"
"ol_52592","IS_OFFICER_AND_INTERMEDIARY","ol_52592x"
"ol_52606","IS_OFFICER_AND_INTERMEDIARY","ol_52606x"
"ol_52622","IS_OFFICER_AND_INTERMEDIARY","ol_52622x"
"ol_52628","IS_OFFICER_AND_INTERMEDIARY","ol_52628x"
"ol_52660","IS_OFFICER_AND_INTERMEDIARY","ol_52660x"
"ol_52708","IS_OFFICER_AND_INTERMEDIARY","ol_52708x"
"ol_52745","IS_OFFICER_AND_INTERMEDIARY","ol_52745x"
"ol_52762","IS_OFFICER_AND_INTERMEDIARY","ol_52762x"
"ol_52772","IS_OFFICER_AND_INTERMEDIARY","ol_52772x"
"ol_52798","IS_OFFICER_AND_INTERMEDIARY","ol_52798x"
"ol_53002","IS_OFFICER_AND_INTERMEDIARY","ol_53002x"
"ol_53063","IS_OFFICER_AND_INTERMEDIARY","ol_53063x"
"ol_53097","IS_OFFICER_AND_INTERMEDIARY","ol_53097x"
"ol_53111","IS_OFFICER_AND_INTERMEDIARY","ol_53111x"
"ol_53116","IS_OFFICER_AND_INTERMEDIARY","ol_53116x"
"ol_53226","IS_OFFICER_AND_INTERMEDIARY","ol_53226x"
"ol_53250","IS_OFFICER_AND_INTERMEDIARY","ol_53250x"
"ol_53316","IS_OFFICER_AND_INTERMEDIARY","ol_53316x"
"ol_53357","IS_OFFICER_AND_INTERMEDIARY","ol_53357x"
"ol_53438","IS_OFFICER_AND_INTERMEDIARY","ol_53438x"
"ol_53494","IS_OFFICER_AND_INTERMEDIARY","ol_53494x"
"ol_53560","IS_OFFICER_AND_INTERMEDIARY","ol_53560x"
"ol_53599","IS_OFFICER_AND_INTERMEDIARY","ol_53599x"
"ol_53628","IS_OFFICER_AND_INTERMEDIARY","ol_53628x"
"ol_53696","IS_OFFICER_AND_INTERMEDIARY","ol_53696x"
"ol_53745","IS_OFFICER_AND_INTERMEDIARY","ol_53745x"
"ol_53777","IS_OFFICER_AND_INTERMEDIARY","ol_53777x"
"ol_53938","IS_OFFICER_AND_INTERMEDIARY","ol_53938x"
"ol_54017","IS_OFFICER_AND_INTERMEDIARY","ol_54017x"
"ol_54131","IS_OFFICER_AND_INTERMEDIARY","ol_54131x"
"ol_54249","IS_OFFICER_AND_INTERMEDIARY","ol_54249x"
"ol_54281","IS_OFFICER_AND_INTERMEDIARY","ol_54281x"
"ol_54364","IS_OFFICER_AND_INTERMEDIARY","ol_54364x"
"ol_54460","IS_OFFICER_AND_INTERMEDIARY","ol_54460x"
"ol_54553","IS_OFFICER_AND_INTERMEDIARY","ol_54553x"
"ol_54579","IS_OFFICER_AND_INTERMEDIARY","ol_54579x"
"ol_54606","IS_OFFICER_AND_INTERMEDIARY","ol_54606x"
"ol_54609","IS_OFFICER_AND_INTERMEDIARY","ol_54609x"
"ol_54662","IS_OFFICER_AND_INTERMEDIARY","ol_54662x"
"ol_54674","IS_OFFICER_AND_INTERMEDIARY","ol_54674x"
"ol_54719","IS_OFFICER_AND_INTERMEDIARY","ol_54719x"
"ol_54757","IS_OFFICER_AND_INTERMEDIARY","ol_54757x"
"ol_54846","IS_OFFICER_AND_INTERMEDIARY","ol_54846x"
"ol_54961","IS_OFFICER_AND_INTERMEDIARY","ol_54961x"
"ol_54963","IS_OFFICER_AND_INTERMEDIARY","ol_54963x"
"ol_54981","IS_OFFICER_AND_INTERMEDIARY","ol_54981x"
"ol_55122","IS_OFFICER_AND_INTERMEDIARY","ol_55122x"
"ol_55148","IS_OFFICER_AND_INTERMEDIARY","ol_55148x"
"ol_55260","IS_OFFICER_AND_INTERMEDIARY","ol_55260x"
"ol_55276","IS_OFFICER_AND_INTERMEDIARY","ol_55276x"
"ol_55314","IS_OFFICER_AND_INTERMEDIARY","ol_55314x"
"ol_55322","IS_OFFICER_AND_INTERMEDIARY","ol_55322x"
"ol_55326","IS_OFFICER_AND_INTERMEDIARY","ol_55326x"
"ol_55386","IS_OFFICER_AND_INTERMEDIARY","ol_55386x"
"ol_55408","IS_OFFICER_AND_INTERMEDIARY","ol_55408x"
"ol_55501","IS_OFFICER_AND_INTERMEDIARY","ol_55501x"
"ol_55527","IS_OFFICER_AND_INTERMEDIARY","ol_55527x"
"ol_55581","IS_OFFICER_AND_INTERMEDIARY","ol_55581x"
"ol_55656","IS_OFFICER_AND_INTERMEDIARY","ol_55656x"
"ol_55804","IS_OFFICER_AND_INTERMEDIARY","ol_55804x"
"ol_55996","IS_OFFICER_AND_INTERMEDIARY","ol_55996x"
"ol_56028","IS_OFFICER_AND_INTERMEDIARY","ol_56028x"
"ol_56029","IS_OFFICER_AND_INTERMEDIARY","ol_56029x"
"ol_56048","IS_OFFICER_AND_INTERMEDIARY","ol_56048x"
"ol_56118","IS_OFFICER_AND_INTERMEDIARY","ol_56118x"
"ol_56136","IS_OFFICER_AND_INTERMEDIARY","ol_56136x"
"ol_56442","IS_OFFICER_AND_INTERMEDIARY","ol_56442x"
"ol_56694","IS_OFFICER_AND_INTERMEDIARY","ol_56694x"
"ol_56844","IS_OFFICER_AND_INTERMEDIARY","ol_56844x"
"ol_56877","IS_OFFICER_AND_INTERMEDIARY","ol_56877x"
"ol_56879","IS_OFFICER_AND_INTERMEDIARY","ol_56879x"
"ol_56887","IS_OFFICER_AND_INTERMEDIARY","ol_56887x"
"ol_56950","IS_OFFICER_AND_INTERMEDIARY","ol_56950x"
"ol_56960","IS_OFFICER_AND_INTERMEDIARY","ol_56960x"
"ol_56987","IS_OFFICER_AND_INTERMEDIARY","ol_56987x"
"ol_57039","IS_OFFICER_AND_INTERMEDIARY","ol_57039x"
"ol_57071","IS_OFFICER_AND_INTERMEDIARY","ol_57071x"
"ol_57077","IS_OFFICER_AND_INTERMEDIARY","ol_57077x"
"ol_57087","IS_OFFICER_AND_INTERMEDIARY","ol_57087x"
"ol_57144","IS_OFFICER_AND_INTERMEDIARY","ol_57144x"
"ol_57153","IS_OFFICER_AND_INTERMEDIARY","ol_57153x"
"ol_57199","IS_OFFICER_AND_INTERMEDIARY","ol_57199x"
"ol_57247","IS_OFFICER_AND_INTERMEDIARY","ol_57247x"
"ol_57351","IS_OFFICER_AND_INTERMEDIARY","ol_57351x"
"ol_57370","IS_OFFICER_AND_INTERMEDIARY","ol_57370x"
"ol_57451","IS_OFFICER_AND_INTERMEDIARY","ol_57451x"
"ol_57471","IS_OFFICER_AND_INTERMEDIARY","ol_57471x"
"ol_57477","IS_OFFICER_AND_INTERMEDIARY","ol_57477x"
"ol_57563","IS_OFFICER_AND_INTERMEDIARY","ol_57563x"
"ol_57676","IS_OFFICER_AND_INTERMEDIARY","ol_57676x"
"ol_57762","IS_OFFICER_AND_INTERMEDIARY","ol_57762x"
"ol_57815","IS_OFFICER_AND_INTERMEDIARY","ol_57815x"
"ol_57874","IS_OFFICER_AND_INTERMEDIARY","ol_57874x"
"ol_57921","IS_OFFICER_AND_INTERMEDIARY","ol_57921x"
"ol_58000","IS_OFFICER_AND_INTERMEDIARY","ol_58000x"
"ol_58011","IS_OFFICER_AND_INTERMEDIARY","ol_58011x"
"ol_58013","IS_OFFICER_AND_INTERMEDIARY","ol_58013x"
"ol_58094","IS_OFFICER_AND_INTERMEDIARY","ol_58094x"
"ol_58199","IS_OFFICER_AND_INTERMEDIARY","ol_58199x"
"ol_58312","IS_OFFICER_AND_INTERMEDIARY","ol_58312x"
"ol_58335","IS_OFFICER_AND_INTERMEDIARY","ol_58335x"
"ol_58338","IS_OFFICER_AND_INTERMEDIARY","ol_58338x"
"ol_58428","IS_OFFICER_AND_INTERMEDIARY","ol_58428x"
"ol_58462","IS_OFFICER_AND_INTERMEDIARY","ol_58462x"
"ol_58490","IS_OFFICER_AND_INTERMEDIARY","ol_58490x"
"ol_58556","IS_OFFICER_AND_INTERMEDIARY","ol_58556x"
"ol_58611","IS_OFFICER_AND_INTERMEDIARY","ol_58611x"
"ol_58683","IS_OFFICER_AND_INTERMEDIARY","ol_58683x"
"ol_58687","IS_OFFICER_AND_INTERMEDIARY","ol_58687x"
"ol_58854","IS_OFFICER_AND_INTERMEDIARY","ol_58854x"
"ol_58855","IS_OFFICER_AND_INTERMEDIARY","ol_58855x"
"ol_58907","IS_OFFICER_AND_INTERMEDIARY","ol_58907x"
"ol_58922","IS_OFFICER_AND_INTERMEDIARY","ol_58922x"
"ol_59012","IS_OFFICER_AND_INTERMEDIARY","ol_59012x"
"ol_59098","IS_OFFICER_AND_INTERMEDIARY","ol_59098x"
"ol_59118","IS_OFFICER_AND_INTERMEDIARY","ol_59118x"
"ol_59163","IS_OFFICER_AND_INTERMEDIARY","ol_59163x"
"ol_59191","IS_OFFICER_AND_INTERMEDIARY","ol_59191x"
"ol_59201","IS_OFFICER_AND_INTERMEDIARY","ol_59201x"
"ol_59249","IS_OFFICER_AND_INTERMEDIARY","ol_59249x"
"ol_59307","IS_OFFICER_AND_INTERMEDIARY","ol_59307x"
"ol_59386","IS_OFFICER_AND_INTERMEDIARY","ol_59386x"
"ol_59389","IS_OFFICER_AND_INTERMEDIARY","ol_59389x"
"ol_59427","IS_OFFICER_AND_INTERMEDIARY","ol_59427x"
"ol_59437","IS_OFFICER_AND_INTERMEDIARY","ol_59437x"
"ol_59476","IS_OFFICER_AND_INTERMEDIARY","ol_59476x"
"ol_59483","IS_OFFICER_AND_INTERMEDIARY","ol_59483x"
"ol_59493","IS_OFFICER_AND_INTERMEDIARY","ol_59493x"
"ol_59496","IS_OFFICER_AND_INTERMEDIARY","ol_59496x"
"ol_59531","IS_OFFICER_AND_INTERMEDIARY","ol_59531x"
"ol_59538","IS_OFFICER_AND_INTERMEDIARY","ol_59538x"
"ol_59552","IS_OFFICER_AND_INTERMEDIARY","ol_59552x"
"ol_59615","IS_OFFICER_AND_INTERMEDIARY","ol_59615x"
"ol_59629","IS_OFFICER_AND_INTERMEDIARY","ol_59629x"
"ol_59636","IS_OFFICER_AND_INTERMEDIARY","ol_59636x"
"ol_59648","IS_OFFICER_AND_INTERMEDIARY","ol_59648x"
"ol_59800","IS_OFFICER_AND_INTERMEDIARY","ol_59800x"
"ol_70057","IS_OFFICER_AND_INTERMEDIARY","ol_70057x"
"ol_70080","IS_OFFICER_AND_INTERMEDIARY","ol_70080x"
"ol_70098","IS_OFFICER_AND_INTERMEDIARY","ol_70098x"
"ol_70136","IS_OFFICER_AND_INTERMEDIARY","ol_70136x"
"ol_70147","IS_OFFICER_AND_INTERMEDIARY","ol_70147x"
"ol_70154","IS_OFFICER_AND_INTERMEDIARY","ol_70154x"
"ol_70317","IS_OFFICER_AND_INTERMEDIARY","ol_70317x"
"ol_70606","IS_OFFICER_AND_INTERMEDIARY","ol_70606x"
"ol_70659","IS_OFFICER_AND_INTERMEDIARY","ol_70659x"
"ol_70699","IS_OFFICER_AND_INTERMEDIARY","ol_70699x"
"ol_70785","IS_OFFICER_AND_INTERMEDIARY","ol_70785x"
"ol_70872","IS_OFFICER_AND_INTERMEDIARY","ol_70872x"
"ol_70884","IS_OFFICER_AND_INTERMEDIARY","ol_70884x"
"ol_70946","IS_OFFICER_AND_INTERMEDIARY","ol_70946x"
"ol_71055","IS_OFFICER_AND_INTERMEDIARY","ol_71055x"
"ol_71063","IS_OFFICER_AND_INTERMEDIARY","ol_71063x"
"ol_71081","IS_OFFICER_AND_INTERMEDIARY","ol_71081x"
"ol_71099","IS_OFFICER_AND_INTERMEDIARY","ol_71099x"
"ol_71137","IS_OFFICER_AND_INTERMEDIARY","ol_71137x"
"ol_71240","IS_OFFICER_AND_INTERMEDIARY","ol_71240x"
"ol_71257","IS_OFFICER_AND_INTERMEDIARY","ol_71257x"
"ol_71310","IS_OFFICER_AND_INTERMEDIARY","ol_71310x"
"ol_71338","IS_OFFICER_AND_INTERMEDIARY","ol_71338x"
"ol_71401","IS_OFFICER_AND_INTERMEDIARY","ol_71401x"
"ol_71418","IS_OFFICER_AND_INTERMEDIARY","ol_71418x"
"ol_71536","IS_OFFICER_AND_INTERMEDIARY","ol_71536x"
"ol_71537","IS_OFFICER_AND_INTERMEDIARY","ol_71537x"
"ol_71577","IS_OFFICER_AND_INTERMEDIARY","ol_71577x"
"ol_71633","IS_OFFICER_AND_INTERMEDIARY","ol_71633x"
"ol_71638","IS_OFFICER_AND_INTERMEDIARY","ol_71638x"
"ol_71705","IS_OFFICER_AND_INTERMEDIARY","ol_71705x"
"ol_71759","IS_OFFICER_AND_INTERMEDIARY","ol_71759x"
"ol_71799","IS_OFFICER_AND_INTERMEDIARY","ol_71799x"
"ol_71829","IS_OFFICER_AND_INTERMEDIARY","ol_71829x"
"ol_71844","IS_OFFICER_AND_INTERMEDIARY","ol_71844x"
"ol_71870","IS_OFFICER_AND_INTERMEDIARY","ol_71870x"
"ol_71923","IS_OFFICER_AND_INTERMEDIARY","ol_71923x"
"ol_71967","IS_OFFICER_AND_INTERMEDIARY","ol_71967x"
"ol_71988","IS_OFFICER_AND_INTERMEDIARY","ol_71988x"
"ol_72024","IS_OFFICER_AND_INTERMEDIARY","ol_72024x"
"ol_72156","IS_OFFICER_AND_INTERMEDIARY","ol_72156x"
"ol_72160","IS_OFFICER_AND_INTERMEDIARY","ol_72160x"
"ol_72165","IS_OFFICER_AND_INTERMEDIARY","ol_72165x"
"ol_72183","IS_OFFICER_AND_INTERMEDIARY","ol_72183x"
"ol_72184","IS_OFFICER_AND_INTERMEDIARY","ol_72184x"
"ol_72201","IS_OFFICER_AND_INTERMEDIARY","ol_72201x"
"ol_72286","IS_OFFICER_AND_INTERMEDIARY","ol_72286x"
"ol_72308","IS_OFFICER_AND_INTERMEDIARY","ol_72308x"
"ol_72319","IS_OFFICER_AND_INTERMEDIARY","ol_72319x"
"ol_72360","IS_OFFICER_AND_INTERMEDIARY","ol_72360x"
"ol_72367","IS_OFFICER_AND_INTERMEDIARY","ol_72367x"
"ol_72431","IS_OFFICER_AND_INTERMEDIARY","ol_72431x"
"ol_72483","IS_OFFICER_AND_INTERMEDIARY","ol_72483x"
"ol_72490","IS_OFFICER_AND_INTERMEDIARY","ol_72490x"
"ol_72493","IS_OFFICER_AND_INTERMEDIARY","ol_72493x"
"ol_72519","IS_OFFICER_AND_INTERMEDIARY","ol_72519x"
"ol_72520","IS_OFFICER_AND_INTERMEDIARY","ol_72520x"
"ol_72622","IS_OFFICER_AND_INTERMEDIARY","ol_72622x"
"ol_72650","IS_OFFICER_AND_INTERMEDIARY","ol_72650x"
"ol_72664","IS_OFFICER_AND_INTERMEDIARY","ol_72664x"
"ol_72669","IS_OFFICER_AND_INTERMEDIARY","ol_72669x"
"ol_72673","IS_OFFICER_AND_INTERMEDIARY","ol_72673x"
"ol_72760","IS_OFFICER_AND_INTERMEDIARY","ol_72760x"
"ol_72804","IS_OFFICER_AND_INTERMEDIARY","ol_72804x"
"ol_72835","IS_OFFICER_AND_INTERMEDIARY","ol_72835x"
"ol_72864","IS_OFFICER_AND_INTERMEDIARY","ol_72864x"
"ol_72882","IS_OFFICER_AND_INTERMEDIARY","ol_72882x"
"ol_72887","IS_OFFICER_AND_INTERMEDIARY","ol_72887x"
"ol_72915","IS_OFFICER_AND_INTERMEDIARY","ol_72915x"
"ol_72985","IS_OFFICER_AND_INTERMEDIARY","ol_72985x"
"ol_73023","IS_OFFICER_AND_INTERMEDIARY","ol_73023x"
"ol_73074","IS_OFFICER_AND_INTERMEDIARY","ol_73074x"
"ol_73157","IS_OFFICER_AND_INTERMEDIARY","ol_73157x"
"ol_73173","IS_OFFICER_AND_INTERMEDIARY","ol_73173x"
"ol_73215","IS_OFFICER_AND_INTERMEDIARY","ol_73215x"
"ol_73221","IS_OFFICER_AND_INTERMEDIARY","ol_73221x"
"ol_73231","IS_OFFICER_AND_INTERMEDIARY","ol_73231x"
"ol_73246","IS_OFFICER_AND_INTERMEDIARY","ol_73246x"
"ol_73274","IS_OFFICER_AND_INTERMEDIARY","ol_73274x"
"ol_73298","IS_OFFICER_AND_INTERMEDIARY","ol_73298x"
"ol_73309","IS_OFFICER_AND_INTERMEDIARY","ol_73309x"
"ol_73321","IS_OFFICER_AND_INTERMEDIARY","ol_73321x"
"ol_73330","IS_OFFICER_AND_INTERMEDIARY","ol_73330x"
"ol_73336","IS_OFFICER_AND_INTERMEDIARY","ol_73336x"
"ol_73422","IS_OFFICER_AND_INTERMEDIARY","ol_73422x"
"ol_73490","IS_OFFICER_AND_INTERMEDIARY","ol_73490x"
"ol_73511","IS_OFFICER_AND_INTERMEDIARY","ol_73511x"
"ol_73609","IS_OFFICER_AND_INTERMEDIARY","ol_73609x"
"ol_73672","IS_OFFICER_AND_INTERMEDIARY","ol_73672x"
"ol_73812","IS_OFFICER_AND_INTERMEDIARY","ol_73812x"
"ol_73913","IS_OFFICER_AND_INTERMEDIARY","ol_73913x"
"ol_73933","IS_OFFICER_AND_INTERMEDIARY","ol_73933x"
"ol_73943","IS_OFFICER_AND_INTERMEDIARY","ol_73943x"
"ol_73983","IS_OFFICER_AND_INTERMEDIARY","ol_73983x"
"ol_74015","IS_OFFICER_AND_INTERMEDIARY","ol_74015x"
"ol_74104","IS_OFFICER_AND_INTERMEDIARY","ol_74104x"
"ol_74146","IS_OFFICER_AND_INTERMEDIARY","ol_74146x"
"ol_74171","IS_OFFICER_AND_INTERMEDIARY","ol_74171x"
"ol_74210","IS_OFFICER_AND_INTERMEDIARY","ol_74210x"
"ol_74258","IS_OFFICER_AND_INTERMEDIARY","ol_74258x"
"ol_74281","IS_OFFICER_AND_INTERMEDIARY","ol_74281x"
"ol_74368","IS_OFFICER_AND_INTERMEDIARY","ol_74368x"
"ol_74383","IS_OFFICER_AND_INTERMEDIARY","ol_74383x"
"ol_74472","IS_OFFICER_AND_INTERMEDIARY","ol_74472x"
"ol_74560","IS_OFFICER_AND_INTERMEDIARY","ol_74560x"
"ol_74563","IS_OFFICER_AND_INTERMEDIARY","ol_74563x"
"ol_74565","IS_OFFICER_AND_INTERMEDIARY","ol_74565x"
"ol_74585","IS_OFFICER_AND_INTERMEDIARY","ol_74585x"
"ol_74610","IS_OFFICER_AND_INTERMEDIARY","ol_74610x"
"ol_74716","IS_OFFICER_AND_INTERMEDIARY","ol_74716x"
"ol_74735","IS_OFFICER_AND_INTERMEDIARY","ol_74735x"
"ol_74860","IS_OFFICER_AND_INTERMEDIARY","ol_74860x"
"ol_74981","IS_OFFICER_AND_INTERMEDIARY","ol_74981x"
"ol_74983","IS_OFFICER_AND_INTERMEDIARY","ol_74983x"
"ol_75050","IS_OFFICER_AND_INTERMEDIARY","ol_75050x"
"ol_75079","IS_OFFICER_AND_INTERMEDIARY","ol_75079x"
"ol_75132","IS_OFFICER_AND_INTERMEDIARY","ol_75132x"
"ol_75175","IS_OFFICER_AND_INTERMEDIARY","ol_75175x"
"ol_75215","IS_OFFICER_AND_INTERMEDIARY","ol_75215x"
"ol_75228","IS_OFFICER_AND_INTERMEDIARY","ol_75228x"
"ol_75245","IS_OFFICER_AND_INTERMEDIARY","ol_75245x"
"ol_75274","IS_OFFICER_AND_INTERMEDIARY","ol_75274x"
"ol_75297","IS_OFFICER_AND_INTERMEDIARY","ol_75297x"
"ol_75386","IS_OFFICER_AND_INTERMEDIARY","ol_75386x"
"ol_75609","IS_OFFICER_AND_INTERMEDIARY","ol_75609x"
"ol_75621","IS_OFFICER_AND_INTERMEDIARY","ol_75621x"
"ol_75659","IS_OFFICER_AND_INTERMEDIARY","ol_75659x"
"ol_75664","IS_OFFICER_AND_INTERMEDIARY","ol_75664x"
"ol_75687","IS_OFFICER_AND_INTERMEDIARY","ol_75687x"
"ol_75696","IS_OFFICER_AND_INTERMEDIARY","ol_75696x"
"ol_75726","IS_OFFICER_AND_INTERMEDIARY","ol_75726x"
"ol_75732","IS_OFFICER_AND_INTERMEDIARY","ol_75732x"
"ol_75756","IS_OFFICER_AND_INTERMEDIARY","ol_75756x"
"ol_75764","IS_OFFICER_AND_INTERMEDIARY","ol_75764x"
"ol_75767","IS_OFFICER_AND_INTERMEDIARY","ol_75767x"
"ol_76036","IS_OFFICER_AND_INTERMEDIARY","ol_76036x"
"ol_76071","IS_OFFICER_AND_INTERMEDIARY","ol_76071x"
"ol_76102","IS_OFFICER_AND_INTERMEDIARY","ol_76102x"
"ol_76124","IS_OFFICER_AND_INTERMEDIARY","ol_76124x"
"ol_76142","IS_OFFICER_AND_INTERMEDIARY","ol_76142x"
"ol_76156","IS_OFFICER_AND_INTERMEDIARY","ol_76156x"
"ol_76167","IS_OFFICER_AND_INTERMEDIARY","ol_76167x"
"ol_76324","IS_OFFICER_AND_INTERMEDIARY","ol_76324x"
"ol_76403","IS_OFFICER_AND_INTERMEDIARY","ol_76403x"
"ol_76412","IS_OFFICER_AND_INTERMEDIARY","ol_76412x"
"ol_76422","IS_OFFICER_AND_INTERMEDIARY","ol_76422x"
"ol_76500","IS_OFFICER_AND_INTERMEDIARY","ol_76500x"
"ol_76580","IS_OFFICER_AND_INTERMEDIARY","ol_76580x"
"ol_76589","IS_OFFICER_AND_INTERMEDIARY","ol_76589x"
"ol_76602","IS_OFFICER_AND_INTERMEDIARY","ol_76602x"
"ol_76617","IS_OFFICER_AND_INTERMEDIARY","ol_76617x"
"ol_76666","IS_OFFICER_AND_INTERMEDIARY","ol_76666x"
"ol_76680","IS_OFFICER_AND_INTERMEDIARY","ol_76680x"
"ol_76765","IS_OFFICER_AND_INTERMEDIARY","ol_76765x"
"ol_76767","IS_OFFICER_AND_INTERMEDIARY","ol_76767x"
"ol_76789","IS_OFFICER_AND_INTERMEDIARY","ol_76789x"
"ol_76800","IS_OFFICER_AND_INTERMEDIARY","ol_76800x"
"ol_76899","IS_OFFICER_AND_INTERMEDIARY","ol_76899x"
"ol_77012","IS_OFFICER_AND_INTERMEDIARY","ol_77012x"
"ol_77023","IS_OFFICER_AND_INTERMEDIARY","ol_77023x"
"ol_77025","IS_OFFICER_AND_INTERMEDIARY","ol_77025x"
"ol_77029","IS_OFFICER_AND_INTERMEDIARY","ol_77029x"
"ol_77048","IS_OFFICER_AND_INTERMEDIARY","ol_77048x"
"ol_77312","IS_OFFICER_AND_INTERMEDIARY","ol_77312x"
"ol_77347","IS_OFFICER_AND_INTERMEDIARY","ol_77347x"
"ol_77348","IS_OFFICER_AND_INTERMEDIARY","ol_77348x"
"ol_77404","IS_OFFICER_AND_INTERMEDIARY","ol_77404x"
"ol_77430","IS_OFFICER_AND_INTERMEDIARY","ol_77430x"
"ol_77437","IS_OFFICER_AND_INTERMEDIARY","ol_77437x"
"ol_77456","IS_OFFICER_AND_INTERMEDIARY","ol_77456x"
"ol_77471","IS_OFFICER_AND_INTERMEDIARY","ol_77471x"
"ol_77519","IS_OFFICER_AND_INTERMEDIARY","ol_77519x"
"ol_77532","IS_OFFICER_AND_INTERMEDIARY","ol_77532x"
"ol_77639","IS_OFFICER_AND_INTERMEDIARY","ol_77639x"
"ol_77655","IS_OFFICER_AND_INTERMEDIARY","ol_77655x"
"ol_77693","IS_OFFICER_AND_INTERMEDIARY","ol_77693x"
"ol_77698","IS_OFFICER_AND_INTERMEDIARY","ol_77698x"
"ol_77716","IS_OFFICER_AND_INTERMEDIARY","ol_77716x"
"ol_77858","IS_OFFICER_AND_INTERMEDIARY","ol_77858x"
"ol_77863","IS_OFFICER_AND_INTERMEDIARY","ol_77863x"
"ol_77877","IS_OFFICER_AND_INTERMEDIARY","ol_77877x"
"ol_77910","IS_OFFICER_AND_INTERMEDIARY","ol_77910x"
"ol_77950","IS_OFFICER_AND_INTERMEDIARY","ol_77950x"
"ol_78002","IS_OFFICER_AND_INTERMEDIARY","ol_78002x"
"ol_78064","IS_OFFICER_AND_INTERMEDIARY","ol_78064x"
"ol_78072","IS_OFFICER_AND_INTERMEDIARY","ol_78072x"
"ol_78138","IS_OFFICER_AND_INTERMEDIARY","ol_78138x"
"ol_78178","IS_OFFICER_AND_INTERMEDIARY","ol_78178x"
"ol_78199","IS_OFFICER_AND_INTERMEDIARY","ol_78199x"
"ol_78230","IS_OFFICER_AND_INTERMEDIARY","ol_78230x"
"ol_78352","IS_OFFICER_AND_INTERMEDIARY","ol_78352x"
"ol_78463","IS_OFFICER_AND_INTERMEDIARY","ol_78463x"
"ol_78510","IS_OFFICER_AND_INTERMEDIARY","ol_78510x"
"ol_78511","IS_OFFICER_AND_INTERMEDIARY","ol_78511x"
"ol_78513","IS_OFFICER_AND_INTERMEDIARY","ol_78513x"
"ol_78539","IS_OFFICER_AND_INTERMEDIARY","ol_78539x"
"ol_78638","IS_OFFICER_AND_INTERMEDIARY","ol_78638x"
"ol_78644","IS_OFFICER_AND_INTERMEDIARY","ol_78644x"
"ol_78705","IS_OFFICER_AND_INTERMEDIARY","ol_78705x"
"ol_78746","IS_OFFICER_AND_INTERMEDIARY","ol_78746x"
"ol_78775","IS_OFFICER_AND_INTERMEDIARY","ol_78775x"
"ol_78812","IS_OFFICER_AND_INTERMEDIARY","ol_78812x"
"ol_78842","IS_OFFICER_AND_INTERMEDIARY","ol_78842x"
"ol_78908","IS_OFFICER_AND_INTERMEDIARY","ol_78908x"
"ol_78987","IS_OFFICER_AND_INTERMEDIARY","ol_78987x"
"ol_79045","IS_OFFICER_AND_INTERMEDIARY","ol_79045x"
"ol_79078","IS_OFFICER_AND_INTERMEDIARY","ol_79078x"
"ol_79149","IS_OFFICER_AND_INTERMEDIARY","ol_79149x"
"ol_79168","IS_OFFICER_AND_INTERMEDIARY","ol_79168x"
"ol_79195","IS_OFFICER_AND_INTERMEDIARY","ol_79195x"
"ol_79290","IS_OFFICER_AND_INTERMEDIARY","ol_79290x"
"ol_79296","IS_OFFICER_AND_INTERMEDIARY","ol_79296x"
"ol_79297","IS_OFFICER_AND_INTERMEDIARY","ol_79297x"
"ol_79299","IS_OFFICER_AND_INTERMEDIARY","ol_79299x"
"ol_79334","IS_OFFICER_AND_INTERMEDIARY","ol_79334x"
"ol_79352","IS_OFFICER_AND_INTERMEDIARY","ol_79352x"
"ol_79376","IS_OFFICER_AND_INTERMEDIARY","ol_79376x"
"ol_79441","IS_OFFICER_AND_INTERMEDIARY","ol_79441x"
"ol_79485","IS_OFFICER_AND_INTERMEDIARY","ol_79485x"
"ol_79529","IS_OFFICER_AND_INTERMEDIARY","ol_79529x"
"ol_79545","IS_OFFICER_AND_INTERMEDIARY","ol_79545x"
"ol_79561","IS_OFFICER_AND_INTERMEDIARY","ol_79561x"
"ol_79567","IS_OFFICER_AND_INTERMEDIARY","ol_79567x"
"ol_79591","IS_OFFICER_AND_INTERMEDIARY","ol_79591x"
"ol_79653","IS_OFFICER_AND_INTERMEDIARY","ol_79653x"
"ol_79698","IS_OFFICER_AND_INTERMEDIARY","ol_79698x"
"ol_79735","IS_OFFICER_AND_INTERMEDIARY","ol_79735x"
"ol_79740","IS_OFFICER_AND_INTERMEDIARY","ol_79740x"
"ol_79754","IS_OFFICER_AND_INTERMEDIARY","ol_79754x"
"ol_79880","IS_OFFICER_AND_INTERMEDIARY","ol_79880x"
"ol_79896","IS_OFFICER_AND_INTERMEDIARY","ol_79896x"
"ol_79915","IS_OFFICER_AND_INTERMEDIARY","ol_79915x"
"ol_79934","IS_OFFICER_AND_INTERMEDIARY","ol_79934x"
"ol_79999","IS_OFFICER_AND_INTERMEDIARY","ol_79999x"
"ol_80079","IS_OFFICER_AND_INTERMEDIARY","ol_80079x"
"ol_80104","IS_OFFICER_AND_INTERMEDIARY","ol_80104x"
"ol_80106","IS_OFFICER_AND_INTERMEDIARY","ol_80106x"
"ol_80115","IS_OFFICER_AND_INTERMEDIARY","ol_80115x"
"ol_80157","IS_OFFICER_AND_INTERMEDIARY","ol_80157x"
"ol_80208","IS_OFFICER_AND_INTERMEDIARY","ol_80208x"
"ol_80279","IS_OFFICER_AND_INTERMEDIARY","ol_80279x"
"ol_80282","IS_OFFICER_AND_INTERMEDIARY","ol_80282x"
"ol_80305","IS_OFFICER_AND_INTERMEDIARY","ol_80305x"
"ol_80341","IS_OFFICER_AND_INTERMEDIARY","ol_80341x"
"ol_80357","IS_OFFICER_AND_INTERMEDIARY","ol_80357x"
"ol_80372","IS_OFFICER_AND_INTERMEDIARY","ol_80372x"
"ol_80393","IS_OFFICER_AND_INTERMEDIARY","ol_80393x"
"ol_80470","IS_OFFICER_AND_INTERMEDIARY","ol_80470x"
"ol_80500","IS_OFFICER_AND_INTERMEDIARY","ol_80500x"
"ol_80579","IS_OFFICER_AND_INTERMEDIARY","ol_80579x"
"ol_80599","IS_OFFICER_AND_INTERMEDIARY","ol_80599x"
"ol_80606","IS_OFFICER_AND_INTERMEDIARY","ol_80606x"
"ol_80619","IS_OFFICER_AND_INTERMEDIARY","ol_80619x"
"ol_80628","IS_OFFICER_AND_INTERMEDIARY","ol_80628x"
"ol_80892","IS_OFFICER_AND_INTERMEDIARY","ol_80892x"
"ol_80941","IS_OFFICER_AND_INTERMEDIARY","ol_80941x"
"ol_80972","IS_OFFICER_AND_INTERMEDIARY","ol_80972x"
"ol_80984","IS_OFFICER_AND_INTERMEDIARY","ol_80984x"
"ol_80988","IS_OFFICER_AND_INTERMEDIARY","ol_80988x"
"ol_81031","IS_OFFICER_AND_INTERMEDIARY","ol_81031x"
"ol_81174","IS_OFFICER_AND_INTERMEDIARY","ol_81174x"
"ol_81199","IS_OFFICER_AND_INTERMEDIARY","ol_81199x"
"ol_81360","IS_OFFICER_AND_INTERMEDIARY","ol_81360x"
"ol_81422","IS_OFFICER_AND_INTERMEDIARY","ol_81422x"
"ol_81614","IS_OFFICER_AND_INTERMEDIARY","ol_81614x"
"ol_81627","IS_OFFICER_AND_INTERMEDIARY","ol_81627x"
"ol_81628","IS_OFFICER_AND_INTERMEDIARY","ol_81628x"
"ol_81650","IS_OFFICER_AND_INTERMEDIARY","ol_81650x"
"ol_81654","IS_OFFICER_AND_INTERMEDIARY","ol_81654x"
"ol_81655","IS_OFFICER_AND_INTERMEDIARY","ol_81655x"
"ol_81760","IS_OFFICER_AND_INTERMEDIARY","ol_81760x"
"ol_81793","IS_OFFICER_AND_INTERMEDIARY","ol_81793x"
"ol_81804","IS_OFFICER_AND_INTERMEDIARY","ol_81804x"
"ol_81822","IS_OFFICER_AND_INTERMEDIARY","ol_81822x"
"ol_81847","IS_OFFICER_AND_INTERMEDIARY","ol_81847x"
"ol_81940","IS_OFFICER_AND_INTERMEDIARY","ol_81940x"
"ol_81980","IS_OFFICER_AND_INTERMEDIARY","ol_81980x"
"ol_81986","IS_OFFICER_AND_INTERMEDIARY","ol_81986x"
"ol_82033","IS_OFFICER_AND_INTERMEDIARY","ol_82033x"
"ol_82208","IS_OFFICER_AND_INTERMEDIARY","ol_82208x"
"ol_82229","IS_OFFICER_AND_INTERMEDIARY","ol_82229x"
"ol_82244","IS_OFFICER_AND_INTERMEDIARY","ol_82244x"
"ol_82299","IS_OFFICER_AND_INTERMEDIARY","ol_82299x"
"ol_82366","IS_OFFICER_AND_INTERMEDIARY","ol_82366x"
"ol_82402","IS_OFFICER_AND_INTERMEDIARY","ol_82402x"
"ol_82448","IS_OFFICER_AND_INTERMEDIARY","ol_82448x"
"ol_82454","IS_OFFICER_AND_INTERMEDIARY","ol_82454x"
"ol_82498","IS_OFFICER_AND_INTERMEDIARY","ol_82498x"
"ol_82547","IS_OFFICER_AND_INTERMEDIARY","ol_82547x"
"ol_82559","IS_OFFICER_AND_INTERMEDIARY","ol_82559x"
"ol_82570","IS_OFFICER_AND_INTERMEDIARY","ol_82570x"
"ol_82607","IS_OFFICER_AND_INTERMEDIARY","ol_82607x"
"ol_82615","IS_OFFICER_AND_INTERMEDIARY","ol_82615x"
"ol_82631","IS_OFFICER_AND_INTERMEDIARY","ol_82631x"
"ol_82736","IS_OFFICER_AND_INTERMEDIARY","ol_82736x"
"ol_82751","IS_OFFICER_AND_INTERMEDIARY","ol_82751x"
"ol_82865","IS_OFFICER_AND_INTERMEDIARY","ol_82865x"
"ol_82898","IS_OFFICER_AND_INTERMEDIARY","ol_82898x"
"ol_82935","IS_OFFICER_AND_INTERMEDIARY","ol_82935x"
"ol_82942","IS_OFFICER_AND_INTERMEDIARY","ol_82942x"
"ol_82997","IS_OFFICER_AND_INTERMEDIARY","ol_82997x"
"ol_83013","IS_OFFICER_AND_INTERMEDIARY","ol_83013x"
"ol_83049","IS_OFFICER_AND_INTERMEDIARY","ol_83049x"
"ol_83081","IS_OFFICER_AND_INTERMEDIARY","ol_83081x"
"ol_83136","IS_OFFICER_AND_INTERMEDIARY","ol_83136x"
"ol_83143","IS_OFFICER_AND_INTERMEDIARY","ol_83143x"
"ol_83146","IS_OFFICER_AND_INTERMEDIARY","ol_83146x"
"ol_83172","IS_OFFICER_AND_INTERMEDIARY","ol_83172x"
"ol_83254","IS_OFFICER_AND_INTERMEDIARY","ol_83254x"
"ol_83482","IS_OFFICER_AND_INTERMEDIARY","ol_83482x"
"ol_83485","IS_OFFICER_AND_INTERMEDIARY","ol_83485x"
"ol_83487","IS_OFFICER_AND_INTERMEDIARY","ol_83487x"
"ol_83548","IS_OFFICER_AND_INTERMEDIARY","ol_83548x"
"ol_83641","IS_OFFICER_AND_INTERMEDIARY","ol_83641x"
"ol_83674","IS_OFFICER_AND_INTERMEDIARY","ol_83674x"
"ol_83689","IS_OFFICER_AND_INTERMEDIARY","ol_83689x"
"ol_83736","IS_OFFICER_AND_INTERMEDIARY","ol_83736x"
"ol_83819","IS_OFFICER_AND_INTERMEDIARY","ol_83819x"
"ol_83824","IS_OFFICER_AND_INTERMEDIARY","ol_83824x"
"ol_83833","IS_OFFICER_AND_INTERMEDIARY","ol_83833x"
"ol_83953","IS_OFFICER_AND_INTERMEDIARY","ol_83953x"
"ol_84063","IS_OFFICER_AND_INTERMEDIARY","ol_84063x"
"ol_84108","IS_OFFICER_AND_INTERMEDIARY","ol_84108x"
"ol_84122","IS_OFFICER_AND_INTERMEDIARY","ol_84122x"
"ol_84325","IS_OFFICER_AND_INTERMEDIARY","ol_84325x"
"ol_84365","IS_OFFICER_AND_INTERMEDIARY","ol_84365x"
"ol_84437","IS_OFFICER_AND_INTERMEDIARY","ol_84437x"
"ol_84486","IS_OFFICER_AND_INTERMEDIARY","ol_84486x"
"ol_84788","IS_OFFICER_AND_INTERMEDIARY","ol_84788x"
"ol_84794","IS_OFFICER_AND_INTERMEDIARY","ol_84794x"
"ol_84820","IS_OFFICER_AND_INTERMEDIARY","ol_84820x"
"ol_84836","IS_OFFICER_AND_INTERMEDIARY","ol_84836x"
"ol_84847","IS_OFFICER_AND_INTERMEDIARY","ol_84847x"
"ol_84874","IS_OFFICER_AND_INTERMEDIARY","ol_84874x"
"ol_84923","IS_OFFICER_AND_INTERMEDIARY","ol_84923x"
"ol_84967","IS_OFFICER_AND_INTERMEDIARY","ol_84967x"
"ol_84979","IS_OFFICER_AND_INTERMEDIARY","ol_84979x"
"ol_84981","IS_OFFICER_AND_INTERMEDIARY","ol_84981x"
"ol_84984","IS_OFFICER_AND_INTERMEDIARY","ol_84984x"
"ol_84999","IS_OFFICER_AND_INTERMEDIARY","ol_84999x"
"ol_85008","IS_OFFICER_AND_INTERMEDIARY","ol_85008x"
"ol_85096","IS_OFFICER_AND_INTERMEDIARY","ol_85096x"
"ol_85184","IS_OFFICER_AND_INTERMEDIARY","ol_85184x"
"ol_85232","IS_OFFICER_AND_INTERMEDIARY","ol_85232x"
"ol_85294","IS_OFFICER_AND_INTERMEDIARY","ol_85294x"
"ol_85299","IS_OFFICER_AND_INTERMEDIARY","ol_85299x"
"ol_85317","IS_OFFICER_AND_INTERMEDIARY","ol_85317x"
"ol_85492","IS_OFFICER_AND_INTERMEDIARY","ol_85492x"
"ol_85539","IS_OFFICER_AND_INTERMEDIARY","ol_85539x"
"ol_85582","IS_OFFICER_AND_INTERMEDIARY","ol_85582x"
"ol_85619","IS_OFFICER_AND_INTERMEDIARY","ol_85619x"
"ol_85687","IS_OFFICER_AND_INTERMEDIARY","ol_85687x"
"ol_85697","IS_OFFICER_AND_INTERMEDIARY","ol_85697x"
"ol_86003","IS_OFFICER_AND_INTERMEDIARY","ol_86003x"
"ol_86014","IS_OFFICER_AND_INTERMEDIARY","ol_86014x"
"ol_86056","IS_OFFICER_AND_INTERMEDIARY","ol_86056x"
"ol_86065","IS_OFFICER_AND_INTERMEDIARY","ol_86065x"
"ol_86091","IS_OFFICER_AND_INTERMEDIARY","ol_86091x"
"ol_86101","IS_OFFICER_AND_INTERMEDIARY","ol_86101x"
"ol_86108","IS_OFFICER_AND_INTERMEDIARY","ol_86108x"
"ol_86188","IS_OFFICER_AND_INTERMEDIARY","ol_86188x"
"ol_86281","IS_OFFICER_AND_INTERMEDIARY","ol_86281x"
"ol_86287","IS_OFFICER_AND_INTERMEDIARY","ol_86287x"
"ol_86405","IS_OFFICER_AND_INTERMEDIARY","ol_86405x"
"ol_86608","IS_OFFICER_AND_INTERMEDIARY","ol_86608x"
"ol_86613","IS_OFFICER_AND_INTERMEDIARY","ol_86613x"
"ol_86665","IS_OFFICER_AND_INTERMEDIARY","ol_86665x"
"ol_86668","IS_OFFICER_AND_INTERMEDIARY","ol_86668x"
"ol_86682","IS_OFFICER_AND_INTERMEDIARY","ol_86682x"
"ol_86707","IS_OFFICER_AND_INTERMEDIARY","ol_86707x"
"ol_86724","IS_OFFICER_AND_INTERMEDIARY","ol_86724x"
"ol_86776","IS_OFFICER_AND_INTERMEDIARY","ol_86776x"
"ol_86835","IS_OFFICER_AND_INTERMEDIARY","ol_86835x"
"ol_86851","IS_OFFICER_AND_INTERMEDIARY","ol_86851x"
"ol_86881","IS_OFFICER_AND_INTERMEDIARY","ol_86881x"
"ol_86957","IS_OFFICER_AND_INTERMEDIARY","ol_86957x"
"ol_86981","IS_OFFICER_AND_INTERMEDIARY","ol_86981x"
"ol_86987","IS_OFFICER_AND_INTERMEDIARY","ol_86987x"
"ol_87004","IS_OFFICER_AND_INTERMEDIARY","ol_87004x"
"ol_87037","IS_OFFICER_AND_INTERMEDIARY","ol_87037x"
"ol_87042","IS_OFFICER_AND_INTERMEDIARY","ol_87042x"
"ol_87074","IS_OFFICER_AND_INTERMEDIARY","ol_87074x"
"ol_87078","IS_OFFICER_AND_INTERMEDIARY","ol_87078x"
"ol_87216","IS_OFFICER_AND_INTERMEDIARY","ol_87216x"
"ol_87265","IS_OFFICER_AND_INTERMEDIARY","ol_87265x"
"ol_87342","IS_OFFICER_AND_INTERMEDIARY","ol_87342x"
"ol_87400","IS_OFFICER_AND_INTERMEDIARY","ol_87400x"
"ol_87405","IS_OFFICER_AND_INTERMEDIARY","ol_87405x"
"ol_87545","IS_OFFICER_AND_INTERMEDIARY","ol_87545x"
"ol_87634","IS_OFFICER_AND_INTERMEDIARY","ol_87634x"
"ol_87653","IS_OFFICER_AND_INTERMEDIARY","ol_87653x"
"ol_87691","IS_OFFICER_AND_INTERMEDIARY","ol_87691x"
"ol_87699","IS_OFFICER_AND_INTERMEDIARY","ol_87699x"
"ol_87735","IS_OFFICER_AND_INTERMEDIARY","ol_87735x"
"ol_87804","IS_OFFICER_AND_INTERMEDIARY","ol_87804x"
"ol_87851","IS_OFFICER_AND_INTERMEDIARY","ol_87851x"
"ol_88023","IS_OFFICER_AND_INTERMEDIARY","ol_88023x"
"ol_88097","IS_OFFICER_AND_INTERMEDIARY","ol_88097x"
"ol_88105","IS_OFFICER_AND_INTERMEDIARY","ol_88105x"
"ol_88117","IS_OFFICER_AND_INTERMEDIARY","ol_88117x"
"ol_88293","IS_OFFICER_AND_INTERMEDIARY","ol_88293x"
"ol_88302","IS_OFFICER_AND_INTERMEDIARY","ol_88302x"
"ol_88338","IS_OFFICER_AND_INTERMEDIARY","ol_88338x"
"ol_88399","IS_OFFICER_AND_INTERMEDIARY","ol_88399x"
"ol_88471","IS_OFFICER_AND_INTERMEDIARY","ol_88471x"
"ol_88478","IS_OFFICER_AND_INTERMEDIARY","ol_88478x"
"ol_88486","IS_OFFICER_AND_INTERMEDIARY","ol_88486x"
"ol_88521","IS_OFFICER_AND_INTERMEDIARY","ol_88521x"
"ol_88576","IS_OFFICER_AND_INTERMEDIARY","ol_88576x"
"ol_88615","IS_OFFICER_AND_INTERMEDIARY","ol_88615x"
"ol_88646","IS_OFFICER_AND_INTERMEDIARY","ol_88646x"
"ol_88712","IS_OFFICER_AND_INTERMEDIARY","ol_88712x"
"ol_88735","IS_OFFICER_AND_INTERMEDIARY","ol_88735x"
"ol_88748","IS_OFFICER_AND_INTERMEDIARY","ol_88748x"
"ol_88775","IS_OFFICER_AND_INTERMEDIARY","ol_88775x"
"ol_88865","IS_OFFICER_AND_INTERMEDIARY","ol_88865x"
"ol_88919","IS_OFFICER_AND_INTERMEDIARY","ol_88919x"
"ol_88964","IS_OFFICER_AND_INTERMEDIARY","ol_88964x"
"ol_89002","IS_OFFICER_AND_INTERMEDIARY","ol_89002x"
"ol_89033","IS_OFFICER_AND_INTERMEDIARY","ol_89033x"
"ol_89153","IS_OFFICER_AND_INTERMEDIARY","ol_89153x"
"ol_89171","IS_OFFICER_AND_INTERMEDIARY","ol_89171x"
"ol_89231","IS_OFFICER_AND_INTERMEDIARY","ol_89231x"
"ol_89237","IS_OFFICER_AND_INTERMEDIARY","ol_89237x"
"ol_89252","IS_OFFICER_AND_INTERMEDIARY","ol_89252x"
"ol_89350","IS_OFFICER_AND_INTERMEDIARY","ol_89350x"
"ol_89364","IS_OFFICER_AND_INTERMEDIARY","ol_89364x"
"ol_89389","IS_OFFICER_AND_INTERMEDIARY","ol_89389x"
"ol_89412","IS_OFFICER_AND_INTERMEDIARY","ol_89412x"
"ol_89439","IS_OFFICER_AND_INTERMEDIARY","ol_89439x"
"ol_89444","IS_OFFICER_AND_INTERMEDIARY","ol_89444x"
"ol_89566","IS_OFFICER_AND_INTERMEDIARY","ol_89566x"
"ol_89591","IS_OFFICER_AND_INTERMEDIARY","ol_89591x"
"ol_89796","IS_OFFICER_AND_INTERMEDIARY","ol_89796x"
"ol_89828","IS_OFFICER_AND_INTERMEDIARY","ol_89828x"
"ol_89850","IS_OFFICER_AND_INTERMEDIARY","ol_89850x"
"ol_89955","IS_OFFICER_AND_INTERMEDIARY","ol_89955x"
"ol_89966","IS_OFFICER_AND_INTERMEDIARY","ol_89966x"
"ol_90006","IS_OFFICER_AND_INTERMEDIARY","ol_90006x"
"ol_90079","IS_OFFICER_AND_INTERMEDIARY","ol_90079x"
"ol_90153","IS_OFFICER_AND_INTERMEDIARY","ol_90153x"
"ol_90201","IS_OFFICER_AND_INTERMEDIARY","ol_90201x"
"ol_90225","IS_OFFICER_AND_INTERMEDIARY","ol_90225x"
"ol_90327","IS_OFFICER_AND_INTERMEDIARY","ol_90327x"
"ol_90365","IS_OFFICER_AND_INTERMEDIARY","ol_90365x"
"ol_90494","IS_OFFICER_AND_INTERMEDIARY","ol_90494x"
"ol_90496","IS_OFFICER_AND_INTERMEDIARY","ol_90496x"
"ol_90723","IS_OFFICER_AND_INTERMEDIARY","ol_90723x"
"ol_90764","IS_OFFICER_AND_INTERMEDIARY","ol_90764x"
"ol_90825","IS_OFFICER_AND_INTERMEDIARY","ol_90825x"
"ol_90827","IS_OFFICER_AND_INTERMEDIARY","ol_90827x"
"ol_90951","IS_OFFICER_AND_INTERMEDIARY","ol_90951x"
"ol_90987","IS_OFFICER_AND_INTERMEDIARY","ol_90987x"
"ol_91039","IS_OFFICER_AND_INTERMEDIARY","ol_91039x"
"ol_91063","IS_OFFICER_AND_INTERMEDIARY","ol_91063x"
"ol_91174","IS_OFFICER_AND_INTERMEDIARY","ol_91174x"
"ol_91240","IS_OFFICER_AND_INTERMEDIARY","ol_91240x"
"ol_91273","IS_OFFICER_AND_INTERMEDIARY","ol_91273x"
"ol_91287","IS_OFFICER_AND_INTERMEDIARY","ol_91287x"
"ol_91319","IS_OFFICER_AND_INTERMEDIARY","ol_91319x"
"ol_91346","IS_OFFICER_AND_INTERMEDIARY","ol_91346x"
"ol_91445","IS_OFFICER_AND_INTERMEDIARY","ol_91445x"
"ol_91469","IS_OFFICER_AND_INTERMEDIARY","ol_91469x"
"ol_91475","IS_OFFICER_AND_INTERMEDIARY","ol_91475x"
"ol_91478","IS_OFFICER_AND_INTERMEDIARY","ol_91478x"
"ol_91593","IS_OFFICER_AND_INTERMEDIARY","ol_91593x"
"ol_91618","IS_OFFICER_AND_INTERMEDIARY","ol_91618x"
"ol_91637","IS_OFFICER_AND_INTERMEDIARY","ol_91637x"
"ol_91646","IS_OFFICER_AND_INTERMEDIARY","ol_91646x"
"ol_91732","IS_OFFICER_AND_INTERMEDIARY","ol_91732x"
"ol_91780","IS_OFFICER_AND_INTERMEDIARY","ol_91780x"
"ol_91830","IS_OFFICER_AND_INTERMEDIARY","ol_91830x"
"ol_91838","IS_OFFICER_AND_INTERMEDIARY","ol_91838x"
"ol_91862","IS_OFFICER_AND_INTERMEDIARY","ol_91862x"
"ol_91867","IS_OFFICER_AND_INTERMEDIARY","ol_91867x"
"ol_91925","IS_OFFICER_AND_INTERMEDIARY","ol_91925x"
"ol_91953","IS_OFFICER_AND_INTERMEDIARY","ol_91953x"
"ol_91960","IS_OFFICER_AND_INTERMEDIARY","ol_91960x"
"ol_91975","IS_OFFICER_AND_INTERMEDIARY","ol_91975x"
"ol_92022","IS_OFFICER_AND_INTERMEDIARY","ol_92022x"
"ol_92152","IS_OFFICER_AND_INTERMEDIARY","ol_92152x"
"ol_92241","IS_OFFICER_AND_INTERMEDIARY","ol_92241x"
"ol_92344","IS_OFFICER_AND_INTERMEDIARY","ol_92344x"
"ol_92349","IS_OFFICER_AND_INTERMEDIARY","ol_92349x"
"ol_92354","IS_OFFICER_AND_INTERMEDIARY","ol_92354x"
"ol_92430","IS_OFFICER_AND_INTERMEDIARY","ol_92430x"
"ol_92446","IS_OFFICER_AND_INTERMEDIARY","ol_92446x"
"ol_92509","IS_OFFICER_AND_INTERMEDIARY","ol_92509x"
"ol_92566","IS_OFFICER_AND_INTERMEDIARY","ol_92566x"
"ol_92598","IS_OFFICER_AND_INTERMEDIARY","ol_92598x"
"ol_92673","IS_OFFICER_AND_INTERMEDIARY","ol_92673x"
"ol_92675","IS_OFFICER_AND_INTERMEDIARY","ol_92675x"
"ol_92724","IS_OFFICER_AND_INTERMEDIARY","ol_92724x"
"ol_92769","IS_OFFICER_AND_INTERMEDIARY","ol_92769x"
"ol_92896","IS_OFFICER_AND_INTERMEDIARY","ol_92896x"
"ol_92985","IS_OFFICER_AND_INTERMEDIARY","ol_92985x"
"ol_93211","IS_OFFICER_AND_INTERMEDIARY","ol_93211x"
"ol_93255","IS_OFFICER_AND_INTERMEDIARY","ol_93255x"
"ol_93262","IS_OFFICER_AND_INTERMEDIARY","ol_93262x"
"ol_93264","IS_OFFICER_AND_INTERMEDIARY","ol_93264x"
"ol_93309","IS_OFFICER_AND_INTERMEDIARY","ol_93309x"
"ol_93390","IS_OFFICER_AND_INTERMEDIARY","ol_93390x"
"ol_93428","IS_OFFICER_AND_INTERMEDIARY","ol_93428x"
"ol_93441","IS_OFFICER_AND_INTERMEDIARY","ol_93441x"
"ol_93451","IS_OFFICER_AND_INTERMEDIARY","ol_93451x"
"ol_93479","IS_OFFICER_AND_INTERMEDIARY","ol_93479x"
"ol_93480","IS_OFFICER_AND_INTERMEDIARY","ol_93480x"
"ol_93563","IS_OFFICER_AND_INTERMEDIARY","ol_93563x"
"ol_93756","IS_OFFICER_AND_INTERMEDIARY","ol_93756x"
"ol_93921","IS_OFFICER_AND_INTERMEDIARY","ol_93921x"
"ol_94085","IS_OFFICER_AND_INTERMEDIARY","ol_94085x"
"ol_94204","IS_OFFICER_AND_INTERMEDIARY","ol_94204x"
"ol_94221","IS_OFFICER_AND_INTERMEDIARY","ol_94221x"
"ol_94237","IS_OFFICER_AND_INTERMEDIARY","ol_94237x"
"ol_94295","IS_OFFICER_AND_INTERMEDIARY","ol_94295x"
"ol_94407","IS_OFFICER_AND_INTERMEDIARY","ol_94407x"
"ol_94419","IS_OFFICER_AND_INTERMEDIARY","ol_94419x"
"ol_94424","IS_OFFICER_AND_INTERMEDIARY","ol_94424x"
"ol_94427","IS_OFFICER_AND_INTERMEDIARY","ol_94427x"
"ol_94506","IS_OFFICER_AND_INTERMEDIARY","ol_94506x"
"ol_94565","IS_OFFICER_AND_INTERMEDIARY","ol_94565x"
"ol_94579","IS_OFFICER_AND_INTERMEDIARY","ol_94579x"
"ol_94705","IS_OFFICER_AND_INTERMEDIARY","ol_94705x"
"ol_94730","IS_OFFICER_AND_INTERMEDIARY","ol_94730x"
"ol_94735","IS_OFFICER_AND_INTERMEDIARY","ol_94735x"
"ol_94777","IS_OFFICER_AND_INTERMEDIARY","ol_94777x"
"ol_94871","IS_OFFICER_AND_INTERMEDIARY","ol_94871x"
"ol_94931","IS_OFFICER_AND_INTERMEDIARY","ol_94931x"
"ol_94975","IS_OFFICER_AND_INTERMEDIARY","ol_94975x"
"ol_95029","IS_OFFICER_AND_INTERMEDIARY","ol_95029x"
"ol_95056","IS_OFFICER_AND_INTERMEDIARY","ol_95056x"
"ol_95065","IS_OFFICER_AND_INTERMEDIARY","ol_95065x"
"ol_95076","IS_OFFICER_AND_INTERMEDIARY","ol_95076x"
"ol_95125","IS_OFFICER_AND_INTERMEDIARY","ol_95125x"
"ol_95161","IS_OFFICER_AND_INTERMEDIARY","ol_95161x"
"ol_95167","IS_OFFICER_AND_INTERMEDIARY","ol_95167x"
"ol_95205","IS_OFFICER_AND_INTERMEDIARY","ol_95205x"
"ol_95216","IS_OFFICER_AND_INTERMEDIARY","ol_95216x"
"ol_95303","IS_OFFICER_AND_INTERMEDIARY","ol_95303x"
"ol_95326","IS_OFFICER_AND_INTERMEDIARY","ol_95326x"
"ol_95328","IS_OFFICER_AND_INTERMEDIARY","ol_95328x"
"ol_95387","IS_OFFICER_AND_INTERMEDIARY","ol_95387x"
"ol_95513","IS_OFFICER_AND_INTERMEDIARY","ol_95513x"
"ol_95529","IS_OFFICER_AND_INTERMEDIARY","ol_95529x"
"ol_95668","IS_OFFICER_AND_INTERMEDIARY","ol_95668x"
"ol_95675","IS_OFFICER_AND_INTERMEDIARY","ol_95675x"
"ol_95708","IS_OFFICER_AND_INTERMEDIARY","ol_95708x"
"ol_95728","IS_OFFICER_AND_INTERMEDIARY","ol_95728x"
"ol_95737","IS_OFFICER_AND_INTERMEDIARY","ol_95737x"
"ol_95787","IS_OFFICER_AND_INTERMEDIARY","ol_95787x"
"ol_95803","IS_OFFICER_AND_INTERMEDIARY","ol_95803x"
"ol_95892","IS_OFFICER_AND_INTERMEDIARY","ol_95892x"
"ol_95958","IS_OFFICER_AND_INTERMEDIARY","ol_95958x"
"ol_96014","IS_OFFICER_AND_INTERMEDIARY","ol_96014x"
"ol_96078","IS_OFFICER_AND_INTERMEDIARY","ol_96078x"
"ol_96092","IS_OFFICER_AND_INTERMEDIARY","ol_96092x"
"ol_96115","IS_OFFICER_AND_INTERMEDIARY","ol_96115x"
"ol_96221","IS_OFFICER_AND_INTERMEDIARY","ol_96221x"
"ol_96251","IS_OFFICER_AND_INTERMEDIARY","ol_96251x"
"ol_96271","IS_OFFICER_AND_INTERMEDIARY","ol_96271x"
"ol_96471","IS_OFFICER_AND_INTERMEDIARY","ol_96471x"
"ol_96480","IS_OFFICER_AND_INTERMEDIARY","ol_96480x"
"ol_96598","IS_OFFICER_AND_INTERMEDIARY","ol_96598x"
"ol_96734","IS_OFFICER_AND_INTERMEDIARY","ol_96734x"
"ol_96759","IS_OFFICER_AND_INTERMEDIARY","ol_96759x"
"ol_96777","IS_OFFICER_AND_INTERMEDIARY","ol_96777x"
"ol_96809","IS_OFFICER_AND_INTERMEDIARY","ol_96809x"
"ol_96820","IS_OFFICER_AND_INTERMEDIARY","ol_96820x"
"ol_96855","IS_OFFICER_AND_INTERMEDIARY","ol_96855x"
"ol_96914","IS_OFFICER_AND_INTERMEDIARY","ol_96914x"
"ol_97049","IS_OFFICER_AND_INTERMEDIARY","ol_97049x"
"ol_97094","IS_OFFICER_AND_INTERMEDIARY","ol_97094x"
"ol_97162","IS_OFFICER_AND_INTERMEDIARY","ol_97162x"
"ol_97306","IS_OFFICER_AND_INTERMEDIARY","ol_97306x"
"ol_97389","IS_OFFICER_AND_INTERMEDIARY","ol_97389x"
"ol_97415","IS_OFFICER_AND_INTERMEDIARY","ol_97415x"
"ol_97431","IS_OFFICER_AND_INTERMEDIARY","ol_97431x"
"ol_97468","IS_OFFICER_AND_INTERMEDIARY","ol_97468x"
"ol_97478","IS_OFFICER_AND_INTERMEDIARY","ol_97478x"
"ol_97495","IS_OFFICER_AND_INTERMEDIARY","ol_97495x"
"ol_97518","IS_OFFICER_AND_INTERMEDIARY","ol_97518x"
"ol_97662","IS_OFFICER_AND_INTERMEDIARY","ol_97662x"
"ol_97754","IS_OFFICER_AND_INTERMEDIARY","ol_97754x"
"ol_97774","IS_OFFICER_AND_INTERMEDIARY","ol_97774x"
"ol_97785","IS_OFFICER_AND_INTERMEDIARY","ol_97785x"
"ol_97960","IS_OFFICER_AND_INTERMEDIARY","ol_97960x"
"ol_97987","IS_OFFICER_AND_INTERMEDIARY","ol_97987x"
"ol_98103","IS_OFFICER_AND_INTERMEDIARY","ol_98103x"
"ol_98177","IS_OFFICER_AND_INTERMEDIARY","ol_98177x"
"ol_98182","IS_OFFICER_AND_INTERMEDIARY","ol_98182x"
"ol_98206","IS_OFFICER_AND_INTERMEDIARY","ol_98206x"
"ol_98323","IS_OFFICER_AND_INTERMEDIARY","ol_98323x"
"ol_98348","IS_OFFICER_AND_INTERMEDIARY","ol_98348x"
"ol_98350","IS_OFFICER_AND_INTERMEDIARY","ol_98350x"
"ol_98355","IS_OFFICER_AND_INTERMEDIARY","ol_98355x"
"ol_98405","IS_OFFICER_AND_INTERMEDIARY","ol_98405x"
"ol_98424","IS_OFFICER_AND_INTERMEDIARY","ol_98424x"
"ol_98645","IS_OFFICER_AND_INTERMEDIARY","ol_98645x"
"ol_98682","IS_OFFICER_AND_INTERMEDIARY","ol_98682x"
"ol_98756","IS_OFFICER_AND_INTERMEDIARY","ol_98756x"
"ol_98995","IS_OFFICER_AND_INTERMEDIARY","ol_98995x"
"ol_99023","IS_OFFICER_AND_INTERMEDIARY","ol_99023x"
"ol_99102","IS_OFFICER_AND_INTERMEDIARY","ol_99102x"
"ol_99133","IS_OFFICER_AND_INTERMEDIARY","ol_99133x"
"ol_99139","IS_OFFICER_AND_INTERMEDIARY","ol_99139x"
"ol_99175","IS_OFFICER_AND_INTERMEDIARY","ol_99175x"
"ol_99343","IS_OFFICER_AND_INTERMEDIARY","ol_99343x"
"ol_99350","IS_OFFICER_AND_INTERMEDIARY","ol_99350x"
"ol_99409","IS_OFFICER_AND_INTERMEDIARY","ol_99409x"
"ol_99410","IS_OFFICER_AND_INTERMEDIARY","ol_99410x"
"ol_99466","IS_OFFICER_AND_INTERMEDIARY","ol_99466x"
"ol_99495","IS_OFFICER_AND_INTERMEDIARY","ol_99495x"
"ol_99507","IS_OFFICER_AND_INTERMEDIARY","ol_99507x"
"ol_99521","IS_OFFICER_AND_INTERMEDIARY","ol_99521x"
"ol_99529","IS_OFFICER_AND_INTERMEDIARY","ol_99529x"
"ol_99560","IS_OFFICER_AND_INTERMEDIARY","ol_99560x"
"ol_99652","IS_OFFICER_AND_INTERMEDIARY","ol_99652x"
"ol_99666","IS_OFFICER_AND_INTERMEDIARY","ol_99666x"
"ol_99704","IS_OFFICER_AND_INTERMEDIARY","ol_99704x"
"ol_99733","IS_OFFICER_AND_INTERMEDIARY","ol_99733x"
"ol_99744","IS_OFFICER_AND_INTERMEDIARY","ol_99744x"
"ol_99794","IS_OFFICER_AND_INTERMEDIARY","ol_99794x"
"ol_99829","IS_OFFICER_AND_INTERMEDIARY","ol_99829x"
"ol_99870","IS_OFFICER_AND_INTERMEDIARY","ol_99870x"
"ol_99917","IS_OFFICER_AND_INTERMEDIARY","ol_99917x"
"ol_99922","IS_OFFICER_AND_INTERMEDIARY","ol_99922x"
"ol_99963","IS_OFFICER_AND_INTERMEDIARY","ol_99963x"
"ol_99993","IS_OFFICER_AND_INTERMEDIARY","ol_99993x"
"ol_99996","IS_OFFICER_AND_INTERMEDIARY","ol_99996x"
